drug	target	relation
DB00818	GABRB3	1
DB00139	ALDH5A1	-1
DB01142	ADRA1B	-1
DB04846	ADRB2	1
DB09238	CACNA1S	-1
DB00934	CHRM5	-1
DB00935	ADRA1A	1
DB00241	GABRG2	1
DB01001	ADRB2	1
DB00842	GABRA1	1
DB08995	AHR	1
DB00714	DRD1	1
DB00489	ADRB1	-1
DB09068	HTR1B	1
DB00508	DRD1	-1
DB00363	CHRM1	-1
DB01156	HTR3A	-1
DB00285	SLC6A3	-1
DB01175	ADRA2C	-1
DB01409	CHRM3	-1
DB01209	OPRK1	-1
DB01098	HMGCR	-1
DB00321	NTRK2	1
DB00211	ADRA1A	1
DB01069	CHRM4	-1
DB13746	CACNA1S	-1
DB11156	CHRM1	-1
DB00988	DRD3	1
DB00925	ADRA1A	-1
DB12010	PRKAG3	-1
DB00555	OPRK1	-1
DB00248	DRD1	1
DB01267	DRD3	-1
DB09016	HRH1	-1
DB01577	ADRA2A	1
DB11986	NTRK2	-1
DB01365	ADRB3	1
DB06694	ADRA2B	1
DB00483	CHRM2	-1
DB00421	NR3C1	-1
DB01396	ATP1A1	-1
DB00795	PPARG	1
DB13961	SCN5A	-1
DB00246	CHRM2	-1
DB01136	ADRA2C	-1
DB04855	ADRB1	-1
DB11994	ALOX5	-1
DB09167	SLC6A2	-1
DB00312	GRIN3A	-1
DB01589	GABRA2	1
DB11587	ADRB2	1
DB00543	HTR2C	-1
DB00656	ADRA1A	-1
DB00041	IL2RB	1
DB00599	GABRA1	1
DB00028	FCGR3B	-1
DB06216	DRD3	-1
DB00424	CHRM2	-1
DB12010	BMPR2	-1
DB00540	CHRM1	-1
DB06702	CHRM1	-1
DB01404	IL6	-1
DB06616	ABL1	-1
DB00591	ANXA2	1
DB06403	EDNRA	-1
DB00947	ESR1	-1
DB00564	SCN2A	-1
DB01033	IMPDH2	-1
DB11760	PARP2	-1
DB00630	ATP6V1A	-1
DB09195	HRH1	-1
DB00777	HTR2A	-1
DB09128	ADRA1B	-1
DB00261	PDE3A	-1
DB01586	AKR1C2	1
DB12010	ERBB4	-1
DB01452	OPRK1	1
DB06594	MTNR1B	1
DB00734	DRD4	-1
DB00281	EGFR	-1
DB01142	SLC6A2	-1
DB09089	CHRM4	-1
DB01144	CA2	-1
DB13269	SCN1A	-1
DB00839	KCNJ11	-1
DB09241	NOS1	-1
DB00241	GABRA2	1
DB00921	OPRM1	1
DB00842	GABRB3	1
DB00292	GABRA1	1
DB08814	PTGS1	-1
DB00714	DRD3	1
DB12010	MAP4K2	-1
DB00441	TYMS	-1
DB01023	CACNA1S	-1
DB08895	JAK3	-1
DB00475	GABRD	1
DB00363	HTR3A	-1
DB01092	ATP1A2	-1
DB04843	CHRM1	-1
DB00252	CACNA1A	-1
DB01238	HTR1E	-1
DB01175	SLC6A4	-1
DB01113	PDE4B	-1
DB01049	HTR2A	-1
DB00289	GRIN3A	-1
DB01148	CHRM1	-1
DB06412	AR	1
DB01018	ADRA2A	1
DB05541	SCN1A	-1
DB13746	CACNA1E	1
DB00486	CNR2	1
DB09481	GRIN2B	-1
DB00940	HRH2	-1
DB00909	CA5A	-1
DB12010	PLK1	-1
DB00248	DRD2	1
DB01234	ANXA1	1
DB08896	BRAF	-1
DB01381	GLRA1	-1
DB09119	P2RX4	-1
DB00349	GABRA1	1
DB01359	ADRB1	-1
DB00350	PTGS1	1
DB00351	PGR	1
DB11300	F8	1
DB01427	PDE3A	-1
DB01296	NFKB2	-1
DB00387	CHRM3	-1
DB00340	CHRM2	-1
DB00697	ADRA2B	1
DB13961	CACNA1C	-1
DB01151	ADRA1A	-1
DB00246	HTR2C	-1
DB12808	RARB	1
DB00619	PDGFRA	-1
DB09167	CHRM1	-1
DB01403	ADRA1A	-1
DB13998	LRP1	1
DB01024	IMPDH2	-1
DB06787	CHRM1	-1
DB11718	BRAF	-1
DB00477	ADRA1D	-1
DB01189	GABRB1	1
DB11278	ADRA1D	1
DB00398	RET	-1
DB09568	ECHS1	1
DB01611	TLR9	-1
DB00020	SDC2	1
DB00514	CHRNB4	-1
DB00255	ESR1	1
DB00240	NR3C1	1
DB07776	ESRRB	1
DB00843	GRIN2D	-1
DB01215	GABRB1	1
DB01200	HTR2C	1
DB12010	MET	-1
DB00782	CHRM1	-1
DB11124	ADRB1	1
DB00458	CHRM5	-1
DB01589	GABRB3	1
DB06262	ADRA2A	1
DB01235	DRD3	1
DB13800	CALM1	1
DB00543	ADRA1A	-1
DB01221	TACR1	-1
DB00721	SLC6A3	-1
DB00674	CHRND	1
DB00562	CA4	-1
DB00433	ADRA2A	-1
DB00599	CHRNA4	-1
DB01054	CACNA1C	-1
DB01303	ADORA2A	-1
DB06216	ADRA2C	-1
DB00472	HTR2C	-1
DB01400	ACHE	-1
DB12010	CAMK2A	-1
DB00215	SLC6A4	-1
DB12141	HTR1B	-1
DB06785	GNRHR	-1
DB00201	PDE4B	-1
DB06616	MAP2K2	-1
DB00086	PLG	1
DB00897	GABRA2	1
DB13345	HTR7	-1
DB00559	EDNRA	-1
DB01406	ESR1	1
DB13867	NR3C2	-1
DB00867	ADRB2	1
DB06205	TGFB1	-1
DB11590	FXYD2	-1
DB00691	ACE2	-1
DB00627	HCAR2	1
DB00482	PTGS2	-1
DB01016	ABCB11	-1
DB10770	PDGFRB	1
DB00518	TUBA1A	-1
DB00712	PTGS2	-1
DB09079	FGFR3	-1
DB11633	KCNJ6	-1
DB12010	EPHA4	-1
DB01353	CHRNA7	-1
DB00669	HTR1F	1
DB00217	KCNJ1	-1
DB00945	RPS6KA3	-1
DB00753	GABRA1	1
DB01028	GABRG2	1
DB00852	ADRA1A	1
DB09073	CDK6	-1
DB00917	PTGER3	1
DB00708	OPRM1	1
DB04896	GRIN3A	-1
DB09076	CHRM2	-1
DB00193	TACR1	-1
DB06152	IFNAR2	1
DB00809	CHRM3	-1
DB11496	TPO	-1
DB00794	GABRA1	1
DB10772	IL1B	1
DB00358	ADORA2A	-1
DB00764	PGR	1
DB12010	IRAK3	-1
DB01588	GABRA2	1
DB00831	DRD2	-1
DB01142	CHRM3	-1
DB01176	HRH1	-1
DB00934	CHRM1	-1
DB13269	SCN4B	-1
DB00887	CFTR	-1
DB00241	GABRB3	1
DB00953	HTR1B	1
DB08875	RET	-1
DB00714	HTR1A	1
DB12010	MAPK4	-1
DB00491	MGAM	-1
DB00363	ADRA1B	-1
DB01124	KCNJ1	-1
DB00898	GABRA1	1
DB01238	ADRA2C	-1
DB11113	PTGER4	1
DB08901	PDGFRA	-1
DB01065	MPO	-1
DB01049	ADRA2C	-1
DB00273	CACNB4	-1
DB01100	DRD2	-1
DB00922	PDE3A	-1
DB13746	CACNA1D	1
DB00924	HTR2B	-1
DB00099	CSF3R	1
DB00909	SCN1B	-1
DB12010	PIK3C2G	-1
DB00555	GABRB1	-1
DB00216	HTR1B	1
DB00605	AKR1B1	-1
DB08896	PDGFRA	-1
DB00492	ACE	-1
DB01338	CHRNA2	-1
DB00268	ADRA2B	-1
DB01238	SLC6A3	1
DB00334	ADRA1B	-1
DB06148	ADRA2A	-1
DB12698	CD4	-1
DB01325	CA2	-1
DB01367	BCL2	1
DB06712	CACNA1D	-1
DB00243	SCN4B	-1
DB01133	ATP6V1A	-1
DB00568	HRH1	-1
DB00182	ADRA2A	1
DB11273	HTR2A	-1
DB00280	SCN5A	-1
DB01336	CHRM2	-1
DB00800	DRD1	1
DB09085	SCN9A	-1
DB00654	PTGFR	1
DB00413	HTR1A	1
DB09236	CACNA1D	-1
DB00349	GABRB3	1
DB01407	NGF	1
DB09205	ADRA2A	-1
DB01577	SLC18A2	-1
DB00383	CHRM1	-1
DB11757	ADORA1	-1
DB01613	NPR2	1
DB01365	ADRA2C	1
DB00306	GABRA1	1
DB00421	NR3C2	-1
DB01278	RAMP2	1
DB00795	ALOX5	-1
DB13961	SCN1A	-1
DB00246	ADRA2B	-1
DB01136	VCAM1	-1
DB04855	ADRA2A	-1
DB11978	SMO	-1
DB13781	ADRB1	1
DB00651	PDE4D	-1
DB04840	SLC6A2	1
DB09167	ADRA1A	-1
DB00312	GRIN2B	-1
DB11571	FGA	1
DB01174	GRIN3A	-1
DB01159	KCNJ6	-1
DB01224	ADRA1A	-1
DB08901	BCR	-1
DB00998	HTR1B	1
DB01032	SLC22A8	-1
DB12267	MET	-1
DB00273	GRIK4	-1
DB06153	HTR1B	-1
DB00026	IL1R1	-1
DB00390	ATP1A1	-1
DB00812	PTGS2	-1
DB00046	INSR	1
DB00861	PTGS1	-1
DB12010	NTRK3	-1
DB00555	ADORA2A	-1
DB02638	AVPR2	1
DB00184	CHRNA5	1
DB01170	SLC6A2	1
DB11275	DRD1	1
DB00589	DRD5	-1
DB00396	ESR2	1
DB01236	GABRD	1
DB11572	FGA	1
DB00203	PDE6G	-1
DB00284	MGAM	-1
DB00334	CHRM3	-1
DB06148	HRH1	-1
DB00190	DDC	-1
DB01194	CA4	-1
DB00321	KCNQ3	-1
DB00178	ACE	-1
DB01395	AR	-1
DB06779	SERPINC1	1
DB00243	KCNJ2	-1
DB00568	CACNA1F	-1
DB01037	MAOA	-1
DB04209	CNGA1	-1
DB00182	ADRB1	1
DB00989	BCHE	-1
DB11273	HTR3A	-1
DB12010	RIPK2	-1
DB00603	ABCB1	-1
DB00280	CHRM3	-1
DB13158	NR3C1	1
DB00800	ADRA2A	-1
DB00703	CA1	-1
DB01558	GABRD	1
DB01189	GABRA1	1
DB00398	FLT4	-1
DB09302	PCSK9	-1
DB06774	TRPV1	1
DB00514	SIGMAR1	1
DB06603	HDAC8	-1
DB13166	ACE	-1
DB00191	SLC6A4	-1
DB00159	SLC8A1	-1
DB09061	HTR2A	1
DB02546	HDAC2	-1
DB00421	CACNA2D3	-1
DB00843	NFKB2	-1
DB01215	GABRA2	1
DB00408	HTR2A	-1
DB01200	ADRA2C	1
DB12010	CTSS	-1
DB00733	ACHE	1
DB09559	EGFR	-1
DB00458	ADRA1A	-1
DB06201	GRM5	-1
DB01203	ADRB1	-1
DB00543	HTR1A	-1
DB12278	CHRM1	-1
DB05271	ADRA2B	-1
DB00594	SLC9A1	-1
DB00481	ESR1	1
DB00418	GRIA2	-1
DB00824	ADORA3	-1
DB00420	DRD1	-1
DB08813	MYC	-1
DB01102	ADRB2	1
DB01351	CHRNA7	-1
DB01621	HTR2A	-1
DB06700	SLC6A4	-1
DB12010	CHEK1	-1
DB00231	GABRB3	1
DB01437	GABRG2	1
DB13345	DRD1	-1
DB00704	OPRM1	-1
DB13146	GRIA1	-1
DB00836	OPRD1	1
DB00869	CA2	-1
DB00659	GRIN3A	-1
DB04896	SLC6A4	-1
DB11691	OPRK1	-1
DB00193	SLC6A4	-1
DB13151	F13A1	1
DB09342	SCN3A	-1
DB00180	NR3C1	1
DB00715	CHRM5	-1
DB12010	HIPK2	-1
DB00327	OPRD1	1
DB01588	GABRD	1
DB00186	GABRD	1
DB09118	GABRA1	1
DB01158	ATP1A1	-1
DB01095	HMGCR	-1
DB09238	CACNA1A	-1
DB06209	P2RY12	-1
DB00935	ADRA1D	1
DB00257	HCAR2	1
DB01017	MMP9	-1
DB00308	CACNA1C	1
DB00731	PPARG	1
DB12010	MERTK	-1
DB00523	RARA	1
DB00541	TUBB	-1
DB01236	GRIA1	-1
DB00334	DRD5	-1
DB01426	SCN5A	-1
DB01241	SLC22A8	-1
DB01114	SLC6A3	-1
DB00321	KCNQ2	-1
DB01069	HRH2	-1
DB13746	CACNA1A	-1
DB12010	PRKCI	-1
DB00555	CHRM5	-1
DB01267	HTR1A	-1
DB09069	ACAA1	-1
DB00622	ADRA1B	-1
DB01558	GABRA2	1
DB00477	DRD1	-1
DB00381	CACNA1C	-1
DB15035	ERBB4	-1
DB00464	PROS1	-1
DB01393	RXRB	1
DB00499	AR	-1
DB00306	GABRB3	1
DB00421	SRD5A3	-1
DB00795	TBXAS1	-1
DB13961	NFKB2	1
DB01183	OPRD1	-1
DB05219	PDE4A	-1
DB11994	CYP3A7	-1
DB00668	ADRB2	1
DB04946	HTR2A	-1
DB00328	PPARG	1
DB00527	SCN5A	-1
DB01205	GABRA1	1
DB11901	AR	-1
DB00624	ESR1	-1
DB11093	NRXN1	1
DB06775	CPS1	1
DB00402	GABRA2	1
DB00388	ADRA1D	1
DB00939	PTGS1	-1
DB06654	MAOB	-1
DB15328	CALCRL	-1
DB01281	CD86	-1
DB12010	YES1	-1
DB11619	PGR	-1
DB00490	ADRA1A	1
DB06595	KDR	-1
DB06401	ESR1	-1
DB13144	CSF3R	1
DB01221	HTR1D	-1
DB12278	ADRA1A	-1
DB00770	PTGER1	1
DB00690	GABRA2	1
DB00642	ATIC	-1
DB00497	OPRD1	1
DB09059	AVPR2	-1
DB00418	GRIN2D	-1
DB00420	ADRA1B	-1
DB08889	PSMB5	-1
DB00696	HTR1D	1
DB08906	PGR	1
DB01373	SPTBN1	1
DB06681	CD86	-1
DB11157	KRT12	-1
DB00602	GABRB3	1
DB12010	CSNK1A1	-1
DB01185	NR3C1	-1
DB06016	HTR2A	-1
DB12141	ALK	-1
DB00572	GLRA1	-1
DB00201	PRKDC	-1
DB00929	PTGER3	1
DB01011	CYP11B1	-1
DB00805	HTR2C	-1
DB01050	PPARG	1
DB00695	CA2	-1
DB00777	ADRA1B	-1
DB00277	PDE4A	-1
DB13928	GLP1R	1
DB12010	FGFR3	-1
DB00295	OPRM1	1
DB01588	GABRA1	1
DB00734	ADRA2C	1
DB00313	SCN1A	-1
DB00170	BGLAP	1
DB08897	CHRM4	-1
DB00753	GABRG2	1
DB01110	KCNMB3	-1
DB00868	SCN5A	-1
DB09089	KCNN4	-1
DB01064	ADRB3	1
DB14597	KLKB1	-1
DB00806	ADORA2A	-1
DB12532	GAST	-1
DB00774	CA1	-1
DB09209	OPRD1	-1
DB01327	IL2	-1
DB06626	FLT1	-1
DB00841	ADRA1A	1
DB05015	HDAC3	-1
DB00810	CHRNA2	-1
DB11859	GABRA1	1
DB00244	PTGS1	-1
DB00521	ADRB2	-1
DB12010	MAP2K6	-1
DB08801	CHRM2	-1
DB00459	RXRG	1
DB00347	CACNA1G	-1
DB01174	GRIN2A	-1
DB00966	AGTR1	-1
DB00983	ADRB1	1
DB12267	ABL1	-1
DB00273	SCN9A	-1
DB01068	GABRA2	1
DB06153	HTR2A	-1
DB00009	PLG	1
DB00842	GABRG2	1
DB13746	SCN3A	1
DB00357	CYP19A1	-1
DB09213	PLAT	1
DB00029	PLG	1
DB08877	JAK2	-1
DB12010	MYLK4	-1
DB00539	ESR1	1
DB00184	CHRNA7	1
DB01138	ABCC1	-1
DB00589	DRD2	1
DB11572	F8	1
DB00253	NR3C1	1
DB01175	ADRA1D	-1
DB12147	FGFR2	-1
DB01177	TOP2A	-1
DB00321	HTR1A	-1
DB01069	DRD2	-1
DB05541	SCN4B	-1
DB09097	DRD1	1
DB12010	PRKAB1	-1
DB00248	ADRA2A	-1
DB01267	ADRA1A	-1
DB00686	FGF4	-1
DB08912	LIMK1	-1
DB00606	CA4	-1
DB00333	GRIN2D	-1
DB00334	GABRA2	-1
DB06148	DRD2	-1
DB00270	CACNA1S	-1
DB01392	KCNJ1	-1
DB01242	SLC6A2	-1
DB06151	GRIN2D	1
DB00370	HTR2C	-1
DB00242	POLE	-1
DB00243	ADRB1	-1
DB00584	ACE	-1
DB01135	CHRNA2	-1
DB00246	DRD1	-1
DB01088	PDE4B	1
DB04574	ESR2	1
DB11273	ADRA1D	-1
DB00603	GABRG2	-1
DB09099	SSTR1	1
DB00312	GABRA2	1
DB01403	DRD4	-1
DB13949	TFRC	1
DB00944	ACHE	-1
DB04948	ADRA1A	1
DB09332	PROC	1
DB00768	S100A12	-1
DB01608	ADRA2A	-1
DB00477	DRD3	-1
DB01173	GRIN3A	-1
DB06707	ADRA2B	1
DB00496	CHRM4	-1
DB06603	HDAC5	-1
DB00175	HMGCR	-1
DB00159	ACSL4	1
DB01428	PGR	-1
DB00565	CHRNA2	-1
DB09061	GLRB	1
DB00843	BCHE	1
DB01199	ACHE	-1
DB00392	CHRM2	-1
DB01200	HTR1D	1
DB12010	UGT1A1	-1
DB00716	FPR1	-1
DB04946	ADRA1A	-1
DB00458	HTR2A	-1
DB01171	MAOA	-1
DB02266	PPARG	1
DB00252	CACNA1F	-1
DB01238	HTR2C	-1
DB11130	OPRM1	1
DB01273	CHRNA3	1
DB01049	ADRB3	-1
DB06212	AVPR2	-1
DB00938	ADRB3	1
DB00454	SLC6A3	-1
DB09327	DPYD	-1
DB00924	SLC6A4	-1
DB08815	HTR7	-1
DB12010	PIM1	-1
DB00555	GABRD	-1
DB00216	HTR1E	1
DB08896	FGFR2	-1
DB05679	IL12B	-1
DB00333	OPRD1	1
DB08916	EGFR	-1
DB06148	ADRA1B	-1
DB00302	PLG	-1
DB11300	F13A1	1
DB01259	ERBB2	-1
DB06210	MPL	1
DB00370	ADRA1A	-1
DB00307	RXRB	1
DB01213	ADH1C	-1
DB01151	ADRB2	-1
DB00246	DRD3	-1
DB11273	ADRA2C	-1
DB01403	HRH1	-1
DB00960	ADRB2	1
DB04948	HTR2C	1
DB00785	CHRM1	-1
DB01625	CHRM3	-1
DB01189	GLRA1	1
DB04876	DPP4	-1
DB11605	PPARA	1
DB00592	GABRB3	1
DB04861	ADRB2	-1
DB00514	NCF4	-1
DB00368	ADRA2B	1
DB00337	MTOR	1
DB00726	SLC6A2	-1
DB09061	ADORA1	1
DB00371	GABRG2	1
DB00437	XDH	-1
DB00907	SLC6A4	-1
DB06589	PDGFRB	-1
DB05239	MAP2K1	-1
DB12010	TGFBR2	-1
DB00862	PDE6H	1
DB11274	DRD1	1
DB01623	HTR2A	-1
DB01268	CSF1R	-1
DB06202	ESR1	-1
DB00865	SLC6A3	-1
DB01288	ADRB2	1
DB00835	CHRM1	-1
DB00675	PRKCG	-1
DB00579	SLC6A3	-1
DB00450	DRD2	-1
DB00952	HTR1A	1
DB10770	FLT1	1
DB09078	FGFR1	-1
DB00696	DRD1	1
DB09079	FLT1	-1
DB11235	CHRM5	-1
DB00715	SLC6A2	-1
DB01708	GABRB3	-1
DB12010	EGFR	-1
DB01353	GABRA1	1
DB00620	NR3C1	1
DB01624	ADRA1A	-1
DB00153	CACNA1D	1
DB00945	PRKAB2	1
DB00852	ATF2	-1
DB09089	CACNB4	-1
DB00773	TOP2B	-1
DB11855	CHRM5	-1
DB01227	OPRM1	1
DB00794	GABRD	1
DB11193	TLR4	1
DB00797	HRH1	1
DB12010	LIMK1	-1
DB00393	CACNA1S	-1
DB00895	FCER1G	1
DB00266	NQO1	-1
DB00850	DRD2	-1
DB01238	DRD2	-1
DB00205	DHFR	-1
DB01224	ADRA2C	-1
DB08901	FGFR1	-1
DB01049	DRD2	-1
DB06153	ADRA1D	-1
DB00874	GRIN2D	-1
DB00454	GRIN1	-1
DB00844	OPRD1	-1
DB00893	HBA1	1
DB09082	ADRB2	1
DB12010	PAK6	-1
DB00555	DRD5	-1
DB00184	CHRNB4	1
DB00589	HTR2C	1
DB00315	HTR1B	1
DB00316	PTGS2	-1
DB01254	PDGFRB	-1
DB00334	ADRB2	-1
DB06148	ADRA2C	-1
DB00222	KCNJ1	-1
DB01392	ADRA2C	-1
DB01226	CHRNA2	-1
DB06151	GSS	1
DB00210	RARA	1
DB00243	CACNA1S	-1
DB11598	SERPINC1	1
DB01021	CA4	-1
DB11273	HTR4	-1
DB12010	SGK3	-1
DB08931	GUCY1A2	1
DB13751	NFKB1	-1
DB04842	DRD2	-1
DB00719	HRH1	-1
DB00477	ADRA1B	-1
DB11278	ADRA1B	1
DB00398	FGFR1	-1
DB09568	HSD17B10	1
DB00020	CSF2RB	1
DB00514	CHRNA4	-1
DB00223	NR3C1	1
DB00208	P2RY12	-1
DB00661	CACNA1G	-1
DB09061	TRPV1	1
DB00371	GABRA2	1
DB00421	CACNA1S	-1
DB00843	GRIN2C	-1
DB01200	HTR1B	1
DB12010	JAK1	-1
DB11124	ADRA2C	1
DB00458	CHRM4	-1
DB06262	ADRA1D	1
DB01235	DRD2	1
DB00543	HRH1	-1
DB01221	GRIN3A	-1
DB00721	HTR3A	-1
DB00562	CA2	-1
DB00433	ADRA1D	-1
DB00404	GABRG2	1
DB01036	CHRM4	-1
DB01303	PDE4A	-1
DB06216	ADRA2B	-1
DB00472	SLC6A4	-1
DB12010	CAMK1G	-1
DB12141	HTR1A	-1
DB00540	HTR2C	-1
DB06751	CACNA1C	-1
DB00201	PDE4A	-1
DB01437	GABRA2	1
DB06616	MAP2K1	-1
DB00897	GABRA1	1
DB13345	HTR6	-1
DB01382	ABCC8	1
DB13867	PLA2G4A	-1
DB11590	SLC7A11	-1
DB00691	ACE	-1
DB00627	HCAR3	1
DB01016	ABCC9	1
DB00500	PTGS1	-1
DB09078	KIT	-1
DB00712	PTGS1	-1
DB09079	FGFR2	-1
DB11633	CACNA1C	-1
DB12010	EPHA3	-1
DB01353	CHRNA4	-1
DB00669	HTR1B	1
DB00217	ADRA2C	1
DB00153	CACNB4	1
DB00737	HRH1	-1
DB13953	ESR2	1
DB00852	SLC6A3	-1
DB09073	CDK4	-1
DB00917	PTGER1	1
DB00692	ADRA1D	-1
DB04896	GRIN2D	-1
DB11823	GRIN3A	-1
DB09076	CHRM1	-1
DB00193	CHRM1	-1
DB01115	CALM1	-1
DB00809	CHRM2	-1
DB11348	NRXN1	1
DB00794	GRIK2	-1
DB00358	HBA1	-1
DB00764	NR3C1	1
DB12010	IRAK1	-1
DB00799	RARB	1
DB00395	GABRA1	1
DB01043	GRIN3A	-1
DB09118	GABRB1	1
DB01142	CHRM2	-1
DB01029	AGTR1	-1
DB01160	PTGIR	-1
DB00022	IFNAR2	1
DB00934	HRH1	-1
DB13269	SCN1B	-1
DB00887	SLC12A5	-1
DB00953	HTR1D	1
DB00292	GABRB1	1
DB08875	KDR	-1
DB00714	DRD5	1
DB12010	MAPK15	-1
DB01023	NR3C2	-1
DB00363	ADRA1A	-1
DB01124	ABCC8	-1
DB00882	ESR1	-1
DB01238	ADRA2A	-1
DB01159	GABRB1	1
DB11113	PTGER3	1
DB01240	PTGIR	1
DB08901	KDR	-1
DB01049	ADRA2B	-1
DB00273	CACNB3	-1
DB01084	HRH1	-1
DB00922	KCNJ8	1
DB13746	CACNA1C	1
DB00924	HTR2A	-1
DB00909	SCN9A	-1
DB12010	PIK3C2B	-1
DB00216	HTR1D	1
DB00605	PTGS1	-1
DB08896	KIT	-1
DB00476	SLC6A3	-1
DB01320	SCN5A	-1
DB00268	ADRA2A	-1
DB00334	ADRA1A	-1
DB01325	CA1	-1
DB01162	TGFB1	1
DB01367	MAOB	-1
DB06712	CACNB2	-1
DB00243	SCN1B	-1
DB01117	DHODH	-1
DB00552	ADA	-1
DB00182	ADRA1D	1
DB11273	HTR1F	-1
DB12010	RET	-1
DB00264	ADRB2	-1
DB01336	CHRNA2	-1
DB00800	DRD5	1
DB01558	GABRB3	1
DB00413	DRD4	1
DB01109	SERPINC1	1
DB09236	CACNA1C	-1
DB01407	ADRB3	1
DB09205	ADRA1D	-1
DB00399	FDPS	-1
DB01577	SLC6A2	-1
DB00383	CHRM3	-1
DB11757	ADORA2A	-1
DB01613	NPR1	1
DB01365	ADRA2B	1
DB00451	THRB	1
DB00306	GRIK2	-1
DB00405	HRH1	-1
DB01278	RAMP1	1
DB13961	CACNB4	-1
DB01151	CHRM5	-1
DB00246	ADRA2A	-1
DB04855	ADRA1D	-1
DB09167	ADRA2C	-1
DB00312	GRIN2A	-1
DB01436	VDR	1
DB14185	HTR2A	-1
DB11571	F13B	1
DB00477	CALM1	-1
DB04844	SLC18A2	-1
DB11323	PTGS1	-1
DB00494	COMT	-1
DB00514	CYBA	-1
DB00368	ADRA1B	1
DB00320	HTR1B	1
DB00694	TOP2B	-1
DB09061	TRPV4	1
DB00371	GABRD	1
DB00421	CACNA1G	-1
DB06589	KDR	-1
DB01216	SRD5A2	-1
DB12010	TBK1	-1
DB00846	NR3C1	1
DB11181	CHRM4	-1
DB01268	KDR	-1
DB00865	SLC18A2	1
DB00285	SLC6A2	-1
DB01175	ADRA2B	-1
DB01209	OPRM1	1
DB01049	HTR7	-1
DB00321	NTRK1	1
DB00195	ADRB2	-1
DB01069	CHRM3	-1
DB13746	CACNA1F	-1
DB00988	DRD5	1
DB09130	AHCY	1
DB00909	MAOA	-1
DB12010	PRKAG2	-1
DB00555	HRH1	-1
DB00248	DRD5	1
DB01267	HTR1D	-1
DB00751	HRH2	-1
DB09016	SLC6A4	-1
DB00622	CACNB2	-1
DB00429	PTGER1	1
DB09236	CACNA1S	-1
DB01440	GABRB1	1
DB09205	ADRA2C	-1
DB11986	NTRK1	-1
DB01365	ADRB2	1
DB06694	ADRA2A	1
DB00467	TOP2A	-1
DB00421	PGR	1
DB01348	ACE	-1
DB00795	PTGS1	-1
DB13961	SCN3A	-1
DB05039	ADRB2	1
DB00246	CHRM1	-1
DB01136	ADRA1B	-1
DB04855	ADRA2C	-1
DB11994	NR1H2	-1
DB00651	ADORA2A	-1
DB09167	ADRA1D	-1
DB00312	GRIN2D	-1
DB01589	GABRA1	1
DB11571	FGG	1
DB00543	HTR2A	-1
DB11901	GABRD	-1
DB00656	HRH1	-1
DB00657	CHRNA2	-1
DB00401	CACNA1S	-1
DB00402	GABRD	1
DB00024	TSHR	1
DB09061	CYP3A7	-1
DB00404	GABRB1	1
DB00028	FCGR3A	-1
DB06216	DRD2	-1
DB00424	CHRM1	-1
DB12010	BMPR1B	-1
DB01057	BCHE	-1
DB11963	EGFR	-1
DB00540	ADRA1D	-1
DB06702	CHRM4	-1
DB00201	ADORA2A	-1
DB01380	NR3C1	1
DB06616	BCR	-1
DB13345	HTR3A	-1
DB00591	ANXA1	1
DB01559	GABRA2	1
DB00915	CHRNA3	-1
DB00564	SCN1A	-1
DB01033	IMPDH1	-1
DB11760	PARP1	-1
DB00630	FDPS	-1
DB09195	ADRA2C	-1
DB00777	HRH1	-1
DB09128	ADRA2C	-1
DB00131	PRKAB1	1
DB00245	SLC6A2	-1
DB12010	ERBB2	-1
DB00247	HTR7	-1
DB01452	OPRM1	1
DB06594	MTNR1A	1
DB00734	DRD3	-1
DB00281	SCN5A	-1
DB01142	HRH2	-1
DB00996	CACNA2D2	-1
DB09089	CHRM3	-1
DB01128	AR	-1
DB00839	ABCC8	-1
DB09241	GUCY1A2	-1
DB00241	GABRA1	1
DB00905	PTGER3	1
DB11859	GABRD	1
DB00292	ADRA2B	1
DB00682	VKORC1	-1
DB00829	GABRG2	1
DB12010	MAP4K1	-1
DB01744	TRPM8	1
DB01023	CACNA1D	-1
DB08895	JAK2	-1
DB00475	GABRB3	1
DB00363	HTR1E	-1
DB01092	ATP1A1	-1
DB00252	CACNB4	-1
DB01238	ADRA2B	-1
DB00237	GABRG2	1
DB11641	TUBB	-1
DB09090	CACNA1S	-1
DB01097	PTK2B	-1
DB01049	HTR1F	-1
DB00289	GRIN2D	-1
DB01148	CHRM2	-1
DB00470	CNR2	1
DB09481	GRIN2A	-1
DB00940	CHRM1	-1
DB00909	CA4	-1
DB12010	PKN2	-1
DB00232	CA4	-1
DB01234	NR0B1	1
DB08896	RAF1	-1
DB01381	PLA2G2A	-1
DB00978	TOP2A	-1
DB00333	CHRNB2	-1
DB01340	ACE	-1
DB00350	KCNJ1	1
DB00335	ADRB2	-1
DB01410	NR3C1	1
DB01296	MMP9	-1
DB00387	CHRM4	-1
DB00306	GABRA2	1
DB00340	CHRM5	-1
DB00697	ADRA2A	1
DB13961	PTGS2	-1
DB01151	HRH1	-1
DB00246	HTR1E	-1
DB11584	DRD5	1
DB00619	CSF1R	-1
DB09167	HRH1	-1
DB00312	GABRD	1
DB01403	CHRM5	-1
DB01024	IMPDH1	-1
DB11338	VCAM1	-1
DB00511	ATP1A1	-1
DB04930	SCN1A	-1
DB00624	AR	1
DB04931	MC1R	1
DB11093	CALM3	1
DB00513	PLAT	-1
DB00368	PAH	-1
DB00402	GABRA1	1
DB00726	ADRA1B	-1
DB09061	HMGCR	1
DB00388	ADRA1B	1
DB00535	MPO	-1
DB06589	SH2B3	-1
DB14864	VEGFA	-1
DB01281	CD80	-1
DB12010	WEE1	-1
DB00490	DRD4	-1
DB06595	PRKCA	-1
DB00119	ABAT	-1
DB01337	CHRM3	-1
DB06335	DPP4	-1
DB01221	HTR1B	-1
DB12278	CACNA1C	-1
DB00770	PTGER2	1
DB00690	GABRA1	1
DB00642	TYMS	-1
DB00497	OPRK1	1
DB09059	AVPR1B	-1
DB00418	GRIN2C	-1
DB09258	SERPIND1	-1
DB00420	CHRM1	-1
DB08906	NR3C1	1
DB01373	TNNC1	1
DB06655	GLP1R	1
DB11157	MAPK8IP1	1
DB12010	CSK	-1
DB01185	PRLR	-1
DB06016	HTR2B	-1
DB12141	AXL	-1
DB00572	CHRM5	-1
DB00201	PDE6B	-1
DB00153	CACNG3	1
DB00913	OPRM1	1
DB01559	GABRB1	1
DB00995	IKBKB	-1
DB12130	ALK	-1
DB00805	HTR2A	-1
DB00777	ADRA1A	-1
DB09228	KLKB1	-1
DB12010	FGFR2	-1
DB00734	ADRA2B	-1
DB00313	ALDH5A1	-1
DB00993	HPRT1	-1
DB08897	CHRM3	-1
DB01110	KCNMB2	-1
DB00852	IL2	-1
DB09089	KCNMB4	-1
DB01064	ADRB2	1
DB00806	PDE4A	-1
DB00758	P2RY12	-1
DB09209	OPRK1	-1
DB01327	IL15	-1
DB00841	ADRB2	1
DB05015	HDAC2	-1
DB00244	PTGS2	-1
DB00487	TOP2A	-1
DB00813	OPRK1	1
DB12010	MAP2K5	-1
DB00393	AHR	1
DB00975	ADA	-1
DB08801	HRH1	-1
DB00459	RXRB	1
DB00331	GPD1	-1
DB00818	GABRD	1
DB01174	GRIN1	-1
DB01159	GRIN3A	-1
DB01224	DRD1	-1
DB00950	HRH1	-1
DB00983	ADRB2	1
DB12267	EGFR	-1
DB01068	GABRA1	1
DB06153	CHRM3	-1
DB13746	SCN2A	1
DB00341	HRH1	-1
DB09213	THBD	1
DB00747	CHRM5	-1
DB00012	EPOR	1
DB08877	JAK1	-1
DB12010	MYLK3	-1
DB00184	CHRNA4	1
DB01138	ABCC2	-1
DB00396	NR3C2	-1
DB00237	GRIK2	-1
DB01175	ADRA1B	-1
DB12147	FGFR1	-1
DB01161	SLC6A3	-1
DB00321	HTR2A	-1
DB01069	HRH1	-1
DB05541	SCN1B	-1
DB00502	DRD3	-1
DB11064	AR	-1
DB00972	PLA2G1B	-1
DB09097	DRD2	1
DB00909	CA12	-1
DB12010	PRKAA2	-1
DB00248	DRD4	1
DB01267	HRH1	-1
DB11767	IL6R	-1
DB00686	FGF1	-1
DB08912	SIK1	-1
DB00606	CA2	-1
DB06077	SLC6A4	-1
DB00348	HPD	-1
DB00333	GRIN2C	-1
DB08867	NR3C1	-1
DB00334	GABRA1	-1
DB06148	HTR7	-1
DB00270	CACNA1D	-1
DB11131	TRPV1	1
DB01392	HTR2C	-1
DB01242	HTR2C	-1
DB06151	GRIN2A	1
DB00370	ADRA2A	-1
DB08439	PTGS2	-1
DB00242	POLA1	-1
DB00243	ADRA1D	-1
DB01197	LTA4H	-1
DB00246	DRD2	-1
DB01088	PDE4A	1
DB04574	ESR1	1
DB11273	ADRA1B	-1
DB00312	GABRA1	1
DB01403	DRD3	-1
DB13931	SLC6A2	-1
DB00928	DNMT1	-1
DB04948	ADRA2A	1
DB01608	DRD1	-1
DB00477	DRD5	-1
DB06707	ADRA2A	1
DB15035	TXK	-1
DB00496	CHRM2	-1
DB06603	HDAC4	-1
DB00159	FADS1	1
DB00549	CYSLTR1	-1
DB09061	GLRA1	1
DB00421	CACNG7	-1
DB00843	HTR2A	1
DB01199	HTR3A	-1
DB05260	IL1B	-1
DB00392	GRIN3A	-1
DB01200	DRD3	1
DB04855	KCNQ1	-1
DB12010	SLC29A1	-1
DB00716	CYSLTR2	-1
DB04946	HTR7	-1
DB00458	SLC6A2	-1
DB12159	IL4R	-1
DB02266	PPARA	1
DB11901	GABRB1	-1
DB00656	HTR2C	1
DB00641	HMGCR	-1
DB00402	GABRB1	1
DB09061	CYP2D6	-1
DB00583	CPT1A	1
DB06781	NR3C1	1
DB00028	FCGR2A	-1
DB06216	HTR5A	-1
DB12010	AURKB	-1
DB01022	BGLAP	1
DB05294	EGFR	-1
DB00540	HTR1A	-1
DB06684	SLC6A4	-1
DB00185	CHRM1	1
DB13345	HTR2A	-1
DB00268	DRD2	1
DB00334	CHRM2	-1
DB06148	HTR2C	-1
DB12698	CXCR4	-1
DB01595	GABRA2	1
DB09462	PPARD	1
DB01364	SLC6A2	-1
DB01194	CA1	-1
DB00321	HTR6	-1
DB01395	NR3C2	-1
DB06712	CACNA2D3	-1
DB06480	HTR4	1
DB00568	CACNA1D	-1
DB01037	MAOB	-1
DB04209	XIAP	-1
DB00182	ADRA2C	1
DB00989	ACHE	-1
DB11273	HTR2C	-1
DB12010	RIPK1	-1
DB00603	ESR1	1
DB08860	HMGCR	-1
DB00280	CHRM2	-1
DB13125	MPL	1
DB00800	ADRA2C	-1
DB00687	NR3C1	1
DB01173	SLC6A2	-1
DB00398	RAF1	-1
DB06603	HDAC7	-1
DB00191	SLC6A2	-1
DB00159	FFAR1	1
DB00629	ADRA2A	1
DB09061	HTR1A	1
DB02546	HDAC1	-1
DB00421	CACNA2D2	-1
DB00843	IL1B	-1
DB01215	GABRA1	1
DB01200	HTR1A	1
DB04855	KCNJ2	-1
DB12010	ALOX5	-1
DB04946	ADRA2C	-1
DB09330	EGFR	-1
DB00458	HRH1	-1
DB01171	MAOB	-1
DB02300	VDR	-1
DB00543	HTR3A	-1
DB12161	SLC18A2	-1
DB05271	HTR1A	1
DB00465	PTGS1	-1
DB00418	CHRNA7	-1
DB00824	ADORA2A	-1
DB00420	HTR2C	-1
DB08813	FOS	-1
DB01102	ADRB1	1
DB01351	CHRNA4	-1
DB01621	DRD1	-1
DB06700	SLC6A2	-1
DB12010	CDK4	-1
DB01169	AKT1	1
DB12141	HTR3C	-1
DB13345	ADRA2C	-1
DB00704	OPRD1	-1
DB00002	EGFR	-1
DB00836	OPRM1	1
DB00659	GRIN2D	-1
DB04880	PDE3A	-1
DB11691	OPRD1	-1
DB00193	SLC6A2	-1
DB01083	FASN	-1
DB13151	FGB	-1
DB00776	SCN5A	-1
DB09342	SCN2A	-1
DB00325	NPR1	1
DB00715	CHRM4	-1
DB12010	HCK	-1
DB00327	OPRM1	1
DB01588	GABRB3	1
DB00186	GABRB3	1
DB01043	DRD2	-1
DB04846	ADRA2C	-1
DB09238	CACNB4	-1
DB05990	NR1H4	1
DB00935	ADRA1B	1
DB00257	KCNN4	-1
DB01017	ALOX5	-1
DB09080	ADRB2	1
DB00731	ABCC8	-1
DB00829	GABRB1	1
DB12010	MATK	-1
DB00508	CHRM2	-1
DB00363	CHRM5	-1
DB01236	GLRA1	1
DB09526	TYR	-1
DB00334	DRD1	-1
DB01241	SLCO1B1	-1
DB01114	SLC6A2	-1
DB00321	HRH1	-1
DB00227	ITGAL	-1
DB01069	CALM1	-1
DB13746	CACNB4	-1
DB00925	CALM1	-1
DB09345	SCN5A	-1
DB12010	PRKCG	-1
DB00555	CHRM4	-1
DB01267	ADRA2C	1
DB09052	CD3D	1
DB00622	ADRA1A	-1
DB01558	GABRA1	1
DB00477	DRD2	-1
DB09236	CACNA1A	-1
DB01577	MAOB	-1
DB15035	ERBB2	-1
DB00464	PROC	-1
DB01393	RXRA	1
DB06710	AR	1
DB00421	SRD5A2	-1
DB00795	ACAT1	-1
DB13961	SCN4B	-1
DB01183	OPRM1	-1
DB01136	HIF1A	1
DB04855	CACNA1S	-1
DB11994	CYP3A5	-1
DB00668	ADRB1	1
DB00328	PLA2G2A	-1
DB01589	GABRG2	1
DB00543	DRD4	-1
DB00721	GRIN3A	-1
DB00674	CHRNA1	1
DB00562	CA1	-1
DB00433	ADRA1B	-1
DB01036	CHRM1	-1
DB01303	PDE3A	-1
DB06216	ADRA2A	-1
DB00440	DHFR	-1
DB12010	CAMK1D	-1
DB00183	CCKBR	1
DB12141	FLT3	-1
DB00540	CHRM5	-1
DB06751	PDE4A	-1
DB00201	PDE10A	-1
DB01437	GABRA1	1
DB06616	CDK2	-1
DB13345	HTR4	-1
DB13867	PGR	1
DB11590	MTR	-1
DB00675	MAPK8	1
DB00611	OPRM1	-1
DB09272	OPRK1	1
DB01016	KCNJ11	-1
DB10770	FGFR2	1
DB00500	PTGS2	-1
DB09078	RET	-1
DB09079	FGFR1	-1
DB12010	EPHA2	-1
DB00231	GABRD	1
DB00669	HTR1D	1
DB00217	ADRA2B	1
DB00153	CACNB3	1
DB00945	TP53	1
DB00720	SLC25A6	-1
DB13953	ESR1	1
DB00852	SLC6A2	-1
DB00917	PTGER2	1
DB00692	ADRA1B	-1
DB04896	GRIN2C	-1
DB11823	GRIN2D	-1
DB00628	GABRD	1
DB00193	CHRM3	-1
DB01115	CACNA1S	-1
DB00809	CHRM1	-1
DB04835	CCR5	-1
DB11348	CALM3	1
DB00794	GRIA2	-1
DB10772	EGFR	1
DB00748	HRH1	-1
DB12010	INSRR	-1
DB14751	IGF1R	1
DB00799	RXRB	1
DB01043	GRIN2D	-1
DB01142	CHRM1	-1
DB00107	OXTR	1
DB01012	CASR	1
DB01160	PTGFR	1
DB00022	IFNAR1	1
DB00934	SLC6A2	-1
DB13269	SCN9A	-1
DB00241	GABRB1	1
DB00937	SLC6A3	-1
DB08875	MET	-1
DB00714	HTR2C	1
DB12010	MAPK14	-1
DB08932	EDNRB	-1
DB00363	HRH4	-1
DB00252	SCN1A	-1
DB01238	HTR7	-1
DB01240	P2RY12	1
DB08901	LYN	-1
DB00091	PPP3R2	-1
DB01049	ADRA2A	-1
DB00273	CACNB2	-1
DB00922	KCNJ11	1
DB00908	ADRA1D	-1
DB00909	SCN5A	-1
DB12010	PI4KB	-1
DB00605	PTGS2	-1
DB08896	FLT4	-1
DB00476	SLC6A2	-1
DB01285	CRH	1
DB00268	ADRA1D	-1
DB00334	HRH1	-1
DB01223	HDAC2	1
DB06043	PDGFRA	-1
DB01162	ADRA1D	-1
DB00321	HTR7	-1
DB00243	SCN9A	-1
DB01117	MT-CYB	-1
DB00182	ADRA1B	1
DB00957	AR	1
DB11273	HTR1E	-1
DB12010	RAF1	-1
DB00264	ADRB1	-1
DB04841	CACNA1G	-1
DB00784	PTGS1	-1
DB09085	SCN5A	-1
DB00622	CHRM5	-1
DB00413	DRD2	1
DB01077	ATP6V1A	-1
DB09220	ABCC9	1
DB00349	GABRB1	1
DB01407	ADRB1	1
DB09205	ADRA1B	-1
DB01577	SLC6A4	-1
DB01579	ADRA1B	1
DB01365	ADRA2A	1
DB00451	THRA	1
DB00306	GRIA2	-1
DB00389	TPO	-1
DB13961	CACNB3	-1
DB01151	CHRM4	-1
DB00246	ADRA1B	-1
DB04855	ADRA1B	-1
DB00651	PDE4A	-1
DB09167	ADRA2B	-1
DB00312	GRIN1	-1
DB14185	HTR1A	1
DB11571	F13A1	1
DB00477	SMPD1	-1
DB01189	GABRG2	1
DB11278	ADRB3	1
DB00462	CHRM3	-1
DB00514	CYBB	-1
DB00368	ADRA1A	1
DB00320	HTR1D	1
DB00694	TOP2A	-1
DB09061	TRPV3	1
DB00371	GABRB3	1
DB00421	CACNA1E	-1
DB06589	FLT1	-1
DB01200	HTR7	-1
DB12010	TAOK3	-1
DB00830	SLC6A3	-1
DB11181	CHRM3	-1
DB06262	PAH	-1
DB01268	KIT	-1
DB00849	GRIK2	-1
DB00543	CHRM4	-1
DB11967	MAP2K2	-1
DB05271	DRD5	1
DB00674	CHRNA5	1
DB00824	PDE4B	-1
DB01054	CACNA2D2	-1
DB01587	GABRD	1
DB12010	CASK	-1
DB01169	CCND1	-1
DB12141	HTR2C	-1
DB00540	ADRB2	-1
DB00201	PDE3B	-1
DB01437	GABRB3	1
DB06736	PTGS2	-1
DB13345	ADRA1D	-1
DB00364	EGF	1
DB08899	AR	-1
DB06148	ADRA1A	-1
DB00286	ESR2	1
DB01392	KCNJ11	-1
DB01259	EGFR	-1
DB00370	HRH1	-1
DB00307	RXRA	1
DB01213	ADH1B	-1
DB01151	SLC6A2	-1
DB04573	ESR2	1
DB00246	HTR2A	-1
DB01088	PDE4D	1
DB11273	ADRA2B	-1
DB01403	HTR2C	-1
DB13998	PHYH	-1
DB00960	ADRB1	1
DB04948	HTR7	1
DB09332	PROS1	1
DB00785	CHRM2	-1
DB11605	NR1H4	-1
DB04861	ADRB1	-1
DB00514	NCF2	-1
DB00368	ADRA2A	1
DB00320	HTR2B	1
DB00726	SLC6A4	-1
DB09061	HTR3A	-1
DB00907	SLC6A2	-1
DB06589	PDGFRA	-1
DB01216	AKR1D1	-1
DB12010	TGFBR1	-1
DB00047	INSR	1
DB00862	PDE6G	1
DB11274	DRD2	1
DB00458	HTR1A	1
DB01623	DRD1	-1
DB01268	FLT3	-1
DB00865	ADRA1A	1
DB06204	SLC6A2	-1
DB00835	HRH1	-1
DB11186	SCN5A	-1
DB00690	GABRG2	1
DB00675	PRKCE	-1
DB00579	SLC6A2	-1
DB00952	HTR1F	1
DB10770	IL6	1
DB00452	CXCR4	-1
DB09078	FLT4	-1
DB00696	SLC6A2	-1
DB09063	ALK	-1
DB06800	OPRK1	-1
DB11235	CHRM4	-1
DB00715	SLC6A4	-1
DB12010	DYRK1B	-1
DB00201	ADORA3	-1
DB01624	DRD2	-1
DB00153	CACNA1C	1
DB00945	PRKAB1	1
DB00852	ATF1	-1
DB09089	CACNB3	-1
DB00773	TOP2A	-1
DB11855	CHRM4	-1
DB00193	GRIN3A	-1
DB00825	CACNA1S	-1
DB04941	CFTR	-1
DB11942	XPO1	-1
DB00794	GABRB3	1
DB10772	VEGFA	1
DB00797	ADRA2A	-1
DB12010	LCK	-1
DB00393	CACNA1F	-1
DB00863	ACHE	-1
DB00266	VKORC1	-1
DB01238	HTR1A	1
DB01224	ADRA2B	-1
DB08901	FLT3	-1
DB01014	ALOX5	-1
DB06709	CHRM3	1
DB01049	DRD5	-1
DB00273	CA1	-1
DB01068	GABRD	1
DB06153	ADRA1B	-1
DB00874	GRIN2C	-1
DB00844	OPRM1	-1
DB00893	HBB	1
DB09066	FSHR	1
DB12010	PAK4	-1
DB00555	DRD1	-1
DB11275	DRD4	1
DB00589	HTR2A	1
DB00283	HRH1	-1
DB00316	PTGES3	-1
DB01254	KIT	-1
DB00334	ADRB1	-1
DB06148	HTR1A	-1
DB00222	KCNJ11	-1
DB01595	GABRB1	1
DB01392	ADRA2B	-1
DB01210	ADRB1	-1
DB00210	RXRB	1
DB00243	CACNA1F	-1
DB06713	PGR	1
DB00182	MAOB	-1
DB01021	CA2	-1
DB12010	RPS6KA3	-1
DB08910	PTGS2	-1
DB13751	NFKB2	-1
DB00816	ADRB2	1
DB00477	ADRA1A	-1
DB11278	ADRA1A	1
DB00398	KIT	-1
DB09568	DGAT2	-1
DB00020	IL3RA	1
DB00514	CHRNA3	-1
DB00191	NPY	-1
DB00192	SCN5A	-1
DB00661	KCNJ11	-1
DB09061	PPARG	1
DB00371	GABRA1	1
DB00421	CACNA1F	-1
DB00843	GRIN2B	-1
DB01215	GABRG2	1
DB01200	HTR2A	1
DB12010	TYK2	-1
DB11124	ADRA2B	1
DB00458	CHRM3	-1
DB01589	GABRB1	1
DB06262	ADRA1B	1
DB01235	DRD5	1
DB00849	GABRA2	1
DB00543	ADRA2C	-1
DB01221	HTR1A	-1
DB00754	SCN5A	-1
DB00674	BCHE	-1
DB00626	A2M	-1
DB00497	OPRM1	1
DB09059	AVPR1A	-1
DB00418	GRIN2B	-1
DB00904	HTR4	1
DB09258	SERPINC1	-1
DB00420	CHRM3	-1
DB00663	NR3C1	1
DB08890	GUCY2C	1
DB01118	CACNA2D2	-1
DB09552	ATP6V1C1	-1
DB00586	PTGS1	-1
DB01656	PDE4B	-1
DB12010	CSF1R	-1
DB01185	ESR1	-1
DB06016	HTR1A	1
DB12141	HTR7	-1
DB00572	CHRM4	-1
DB00201	PDE6A	-1
DB00153	CACNG2	1
DB13345	DRD4	-1
DB11952	PIK3CD	-1
DB00805	HTR2B	-1
DB00659	GABRD	1
DB00564	SCN9A	-1
DB01050	THBD	1
DB00777	DRD4	-1
DB09228	C1S	-1
DB00131	PRKAB2	1
DB00277	PDE4B	-1
DB13155	AR	1
DB12010	FGFR1	-1
DB00279	THRB	1
DB06701	SLC6A4	-1
DB00734	ADRA2A	-1
DB00170	PROS1	1
DB00977	ESR1	1
DB08897	CHRM2	-1
DB01110	KCNMB1	-1
DB00852	JUN	-1
DB09089	KCNMB3	-1
DB01064	ADRB1	1
DB00725	CHRM3	-1
DB09209	OPRM1	-1
DB00209	CHRM1	-1
DB01297	ADRB1	-1
DB00841	ADRB1	1
DB11614	HRH1	-1
DB00228	GRIA1	-1
DB00813	OPRD1	1
DB12010	MAP2K3	-1
DB00393	NR3C2	-1
DB00975	PDE10A	-1
DB00459	RARB	1
DB00331	PRKAB1	1
DB01174	GRIK2	-1
DB01159	KCNMA1	-1
DB08827	MTTP	-1
DB00934	ADRA2C	-1
DB00967	HRH1	-1
DB12267	ALK	-1
DB00273	SCN5A	-1
DB06153	CHRM2	-1
DB14762	IL23A	-1
DB04868	KIT	-1
DB13746	SCN1A	1
DB00324	NR3C1	1
DB09213	BCL2	-1
DB00747	CHRM4	-1
DB12010	MYLK2	-1
DB01122	ACHE	-1
DB00573	PPARA	1
DB00396	ESR1	1
DB00237	GRIA2	-1
DB01175	ADRA1A	-1
DB12001	CDK6	-1
DB01161	HTR3A	-1
DB01049	HTR3C	-1
DB00321	SLC6A4	-1
DB05541	SCN9A	-1
DB11064	PGR	-1
DB00972	HRH2	-1
DB09048	TACR1	-1
DB12010	PRKAA1	-1
DB00248	HTR1D	1
DB01267	DRD2	-1
DB00686	FGF2	-1
DB08912	RAF1	-1
DB00606	CA1	-1
DB00332	CHRM3	-1
DB08882	DPP4	-1
DB00333	GRIN2B	-1
DB08867	PGR	1
DB00334	HTR1F	-1
DB01291	ADRB1	1
DB00270	CACNA2D2	-1
DB05812	CYP17A1	-1
DB01392	HTR2A	-1
DB01242	HTR2B	-1
DB06151	GRIN1	1
DB00370	HTR2A	-1
DB00242	RRM2B	-1
DB00243	ADRA1B	-1
DB01197	MMP9	-1
DB01088	PTGER1	1
DB11273	ADRA1A	-1
DB00312	GRIK2	-1
DB01403	DRD5	-1
DB13931	ROCK2	-1
DB00912	PPARG	1
DB04908	DRD4	-1
DB01591	CHRM5	-1
DB01173	GRIN1	-1
DB01576	SLC6A3	-1
DB09237	NOS2	1
DB06691	HRH1	-1
DB15035	LCK	-1
DB00496	CHRM1	-1
DB06603	HDAC3	-1
DB00159	PPARD	1
DB00843	ACHE	-1
DB01199	CHRNA2	-1
DB05260	BGLAP	-1
DB00392	CHRM1	-1
DB01200	DRD2	1
DB04855	KCNJ3	-1
DB00716	CYSLTR1	-1
DB04946	HTR6	-1
DB00394	NR3C1	1
DB00543	ADRA2A	-1
DB01205	GABRB1	1
DB00656	HTR2A	-1
DB00593	CACNA1G	-1
DB00401	CACNA1C	-1
DB09061	CYP3A5	-1
DB01003	KCNMA1	-1
DB06764	ADRA1A	1
DB00028	FCGR1A	-1
DB06216	HTR2C	-1
DB12010	AURKA	-1
DB01022	GGCX	1
DB05294	VEGFA	-1
DB11699	HTR3A	-1
DB00540	HTR2A	-1
DB00185	CHRM3	1
DB00897	GABRG2	1
DB13345	HTR1F	-1
DB01221	NOS1	-1
DB11186	SCN1A	-1
DB00675	PRKCA	-1
DB00563	DHFR	-1
DB09123	AR	-1
DB00434	CHRM1	-1
DB09477	ACE	-1
DB00436	CA1	-1
DB09045	GLP1R	1
DB00696	ADRA1D	1
DB01182	ADRB2	-1
DB06766	HRH1	-1
DB11235	CHRM1	-1
DB00231	GABRA1	1
DB01233	HTR3A	1
DB00588	NR3C2	-1
DB00201	ITPR3	-1
DB01590	MTOR	-1
DB00153	CACNA2D2	1
DB00413	ADRA2A	1
DB09236	CACNA1F	-1
DB00349	GABRD	1
DB09205	ADRA2B	-1
DB14019	TACR1	-1
DB00383	CHRM2	-1
DB11921	NR3C1	1
DB01365	ADRB1	1
DB06694	ADRA1A	1
DB00421	AR	-1
DB01278	RAMP3	1
DB00795	PTGS2	-1
DB13961	SCN2A	-1
DB00246	ADRA2C	-1
DB01136	ADRA1D	-1
DB04855	ADRA2B	-1
DB11994	NR1H3	-1
DB00651	ADORA1	-1
DB09167	ADRA1B	-1
DB00312	GRIN2C	-1
DB11571	FGB	1
DB01205	GABRD	1
DB11901	GABRB3	-1
DB00656	HTR1A	-1
DB00641	HDAC2	-1
DB00401	CACNA1D	-1
DB00402	GABRB3	1
DB00007	GNRHR	1
DB09061	CYP1A2	-1
DB00028	FCGR2C	-1
DB06216	HTR7	-1
DB01039	MMP25	-1
DB00540	ADRA1A	-1
DB01956	GRIN2B	-1
DB06702	CHRM3	-1
DB00016	EPOR	1
DB13345	HTR2C	-1
DB00591	NR3C1	1
DB01559	GABRA1	1
DB00915	CHRNA4	-1
DB06404	KLKB1	-1
DB00548	TYR	-1
DB00598	ADRA1D	-1
DB09195	ADRA2B	-1
DB09128	HTR2A	-1
DB00131	PYGL	1
DB00245	SLC6A4	-1
DB01708	AR	1
DB12010	EPHB6	-1
DB00247	HTR1A	1
DB01435	PTGS1	-1
DB06594	HTR2C	-1
DB00734	ADRA1A	-1
DB00281	SCN9A	-1
DB01142	HRH1	-1
DB09089	CHRM2	-1
DB01080	ABAT	-1
DB00823	ESR1	1
DB00241	GRIK2	-1
DB00008	IFNAR1	1
DB00905	PTGER1	1
DB00842	GABRB1	1
DB11859	GABRB3	1
DB00665	AR	-1
DB12010	MAP3K6	-1
DB00425	GABRG2	1
DB01744	TRPA1	-1
DB01023	CACNB2	-1
DB08895	JAK1	-1
DB00363	HTR1D	-1
DB01076	HDAC2	-1
DB00252	CACNB3	-1
DB01238	DRD4	-1
DB01097	AHR	1
DB01049	HTR1E	-1
DB00289	GRIN2C	-1
DB06274	OPRD1	-1
DB00986	CHRM3	-1
DB00470	CNR1	1
DB09481	GRIN1	-1
DB12010	PKN1	-1
DB00232	CA2	-1
DB01234	NR3C1	1
DB08896	EPHA2	-1
DB01381	SLC6A2	-1
DB09071	MTNR1B	1
DB00333	CHRNA4	-1
DB00335	ADRB1	-1
DB11300	FGG	1
DB01392	HTR2B	-1
DB00387	CHRM2	-1
DB00340	CHRM4	-1
DB00648	AR	-1
DB13961	DGAT2	1
DB01151	SMPD1	-1
DB00246	HTR1D	-1
DB01104	SLC6A2	-1
DB11584	DRD1	1
DB00619	NTRK1	-1
DB09167	HTR2A	-1
DB00312	GABRB3	1
DB01403	CHRM4	-1
DB11201	PTGS2	-1
DB01205	GABRG2	-1
DB11703	BTK	-1
DB11093	CALM2	1
DB00513	PLG	-1
DB00530	EGFR	-1
DB00368	ADRB3	1
DB00385	TOP2A	-1
DB14583	NR3C1	1
DB00726	ADRA1A	-1
DB09061	CYP17A1	-1
DB00388	ADRA1A	1
DB00519	ACE	-1
DB06589	FGF1	-1
DB12010	ULK2	-1
DB00490	DRD3	-1
DB01337	CHRM2	-1
DB06287	MTOR	-1
DB12978	PDGFRB	-1
DB01357	ESR1	1
DB13867	NR3C1	1
DB00835	CHRM5	-1
DB00611	OPRD1	1
DB09272	OPRD1	-1
DB01016	ABCC8	-1
DB10770	IFNG	1
DB00484	ADRA2C	1
DB09078	PDGFRA	-1
DB00696	HTR2C	1
DB09079	PDGFRB	-1
DB01246	HRH1	-1
DB11311	CPB2	1
DB01708	GABRG2	-1
DB12010	EPHA1	-1
DB00652	SIGMAR1	1
DB00217	ADRA2A	1
DB00153	CACNB2	1
DB00945	EDNRA	-1
DB00720	SLC25A5	-1
DB01028	GABRD	1
DB00836	CALM1	-1
DB00692	ADRA1A	-1
DB04896	GRIN2B	-1
DB11823	GRIN2C	-1
DB00628	GABRB3	1
DB00193	CHRNA7	-1
DB00809	CHRM4	-1
DB11348	CALM2	1
DB00794	CHRNA7	-1
DB10772	FGF1	1
DB00732	CHRNA2	-1
DB12010	INSR	-1
DB00799	RARA	1
DB00346	ADRA1D	-1
DB01043	GRIN2C	-1
DB01142	HTR2C	-1
DB00918	HTR1D	1
DB00871	ADRB1	-1
DB00937	SLC6A2	-1
DB00842	GABRD	1
DB00714	ADRA2B	1
DB12010	MAPK13	-1
DB00457	ADRA1D	-1
DB08932	EDNRA	-1
DB00363	HRH1	-1
DB00252	SCN5A	-1
DB01238	HTR1D	-1
DB00237	GABRA2	1
DB08901	SRC	-1
DB01065	ESR1	-1
DB01049	ADRA1D	-1
DB00922	TNNC1	1
DB13746	CACNA2D3	1
DB00908	ADRA1B	-1
DB00909	SCN3A	-1
DB12010	PHKG1	-1
DB08896	KDR	-1
DB00476	SLC6A4	-1
DB01285	MC2R	1
DB00268	ADRA1B	-1
DB00334	HTR6	-1
DB01223	ADORA3	-1
DB01162	ADRA1B	-1
DB00321	ADRA1B	-1
DB06712	CACNA1C	-1
DB01101	TYMS	-1
DB06213	ADORA2A	1
DB00182	ADRA1A	1
DB00957	ESR1	1
DB11273	HTR1D	-1
DB12010	PTK2B	-1
DB00571	ADRB3	-1
DB01309	INSR	1
DB00784	PTGS2	-1
DB09085	SCN3A	-1
DB00622	CHRM4	-1
DB01558	GABRB1	1
DB00413	DRD3	1
DB01026	CYP21A2	-1
DB01407	ADRB2	1
DB09205	ADRA1A	-1
DB01577	SLC6A3	-1
DB01579	SLC6A2	-1
DB01365	ADRA1D	1
DB00306	CHRNA7	-1
DB01262	DNMT1	-1
DB13961	CACNB2	-1
DB01151	CHRM3	-1
DB00246	ADRA1A	-1
DB04855	ADRA1A	-1
DB00651	PDE4B	-1
DB09167	ADRA2A	-1
DB01403	ADRA2C	-1
DB14185	DRD2	1
DB12095	TPH2	-1
DB00477	CHRM3	-1
DB11278	ADRB2	1
DB00462	CHRM2	-1
DB00514	OPRK1	1
DB14004	IL23A	-1
DB00287	PTGFR	1
DB00304	ESR1	1
DB00678	AGTR1	-1
DB00421	CACNA1A	-1
DB01618	HTR2A	-1
DB01200	ADRA1D	1
DB00030	INSR	1
DB00830	SLC6A2	-1
DB11181	CHRM2	-1
DB06262	ADRB3	1
DB01268	FLT1	-1
DB13999	PHYH	-1
DB00849	GRIA2	-1
DB00543	CHRM3	-1
DB11967	MAP3K1	-1
DB05271	DRD4	1
DB00674	CHRNA4	1
DB00594	SCNN1G	-1
DB00449	ADRB2	1
DB00824	PDE4A	-1
DB01054	CACNA1S	-1
DB09214	PTGS2	-1
DB00504	OPRM1	1
DB12010	CAMKK2	-1
DB01169	JUN	1
DB12141	HTR2B	-1
DB00540	ADRB1	-1
DB00201	PDE3A	-1
DB00897	GABRB1	1
DB13345	ADRA1B	-1
DB00575	ADRA1A	1
DB00915	GRIN3A	-1
DB00722	REN	-1
DB00659	GABRA1	1
DB09472	CA2	-1
DB01016	CFTR	-1
DB11611	ITGAL	-1
DB00598	ADRB2	-1
DB09195	ADRA1B	-1
DB00745	ADRA1B	1
DB00131	CREB1	1
DB00245	CHRM1	-1
DB00715	HRH1	-1
DB01708	GRIN2D	1
DB12010	EPHB1	-1
DB00247	HTR2B	-1
DB01419	PTGS1	-1
DB00717	NR3C1	1
DB00233	CHUK	-1
DB01173	HRH1	-1
DB00398	BRAF	-1
DB01576	ADRA1B	-1
DB06707	ADRA2C	1
DB15566	NR3C1	1
DB00496	CHRM5	-1
DB06603	HDAC6	-1
DB00175	HDAC2	-1
DB01428	AR	-1
DB00613	HNMT	-1
DB00843	NOS1	-1
DB00408	DRD2	-1
DB01200	ADRA2A	1
DB04946	HRH1	-1
DB09280	CFTR	1
DB00458	SLC6A4	-1
DB00543	HTR2B	-1
DB05271	DRD1	1
DB00674	CHRNA7	1
DB00594	ASIC2	-1
DB00465	PTGS2	-1
DB00418	CHRNA4	-1
DB00824	ADORA1	-1
DB00420	HTR2A	-1
DB00631	POLA1	-1
DB01070	VDR	1
DB00554	PTGS1	-1
DB01621	DRD2	-1
DB12010	CDK1	-1
DB00231	GABRB1	1
DB01169	MAPK1	1
DB00540	DRD2	-1
DB00201	PDE6C	-1
DB00897	GABRD	1
DB13345	ADRA2B	-1
DB00688	PTS	-1
DB14723	NTRK3	-1
DB06789	PGR	1
DB13146	GRIN3A	-1
DB00659	GRIN2C	-1
DB04864	ACHE	-1
DB11691	OPRM1	-1
DB00193	OPRM1	1
DB13151	FGA	-1
DB00776	SCN3A	-1
DB00794	GABRA2	1
DB09342	SCN1A	-1
DB00309	TUBB1	-1
DB00715	CHRM3	-1
DB12010	GSK3B	-1
DB02709	PTGS2	-1
DB00313	HDAC2	-1
DB01043	CHRNA7	-1
DB09086	AR	-1
DB00818	GABRA2	1
DB04846	ADRA2B	-1
DB09238	CACNB3	-1
DB01224	HTR1A	-1
DB00934	ADRA1D	-1
DB13956	ESR2	1
DB11328	PROCR	-1
DB01017	IL1B	1
DB12483	PIK3CD	-1
DB01074	CPT1A	-1
DB09068	SLC6A2	-1
DB00508	CHRM1	-1
DB00363	CHRM4	-1
DB01236	GABRA1	1
DB00334	DRD2	-1
DB01175	SLC6A3	-1
DB01241	PPARA	1
DB01114	SLC6A4	-1
DB00321	ADRA2A	-1
DB00227	HMGCR	-1
DB01069	HTR2A	-1
DB13746	CACNB3	-1
DB00925	ADRA2B	-1
DB09345	SCN3A	-1
DB12010	PRKCE	-1
DB00555	CHRM3	-1
DB00248	HTR7	-1
DB01267	ADRA2B	-1
DB00751	HTR7	-1
DB09052	CD19	1
DB00461	PTGS1	-1
DB09236	CACNB4	-1
DB01577	MAOA	-1
DB15035	EGFR	-1
DB11986	JAK2	-1
DB01393	PPARG	1
DB06694	ADRA2C	1
DB08888	FN1	-1
DB00306	GABRB1	1
DB00795	SLC7A11	-1
DB13961	SCN1B	-1
DB01167	CYP51A1	-1
DB00246	CHRM5	-1
DB04855	CACNA1F	-1
DB00668	ADRA1B	1
DB09216	PTGS2	-1
DB00328	PTGS2	-1
DB11653	MC4R	1
DB00543	DRD3	-1
DB00673	TACR1	-1
DB00674	ACHE	-1
DB00433	ADRA1A	-1
DB00114	ABAT	-1
DB01036	CHRM5	-1
DB01280	POLA1	-1
DB06216	ADRA1A	-1
DB00440	TYMS	-1
DB12010	CAMK1	-1
DB01089	SLC18A2	-1
DB11995	SLC22A8	-1
DB00540	CHRM4	-1
DB06718	AR	1
DB06616	SRC	-1
DB00067	AVPR2	1
DB00623	CALM1	-1
DB01559	GABRG2	1
DB00979	CHRM1	-1
DB11952	PIK3CG	-1
DB00805	MAOA	-1
DB00659	GABRB3	1
DB01050	BCL2	1
DB00777	DRD1	-1
DB09228	C1R	-1
DB00131	PRKAA1	1
DB00277	ADORA2B	-1
DB01620	HRH4	-1
DB13139	ADRB2	1
DB01708	SIGMAR1	1
DB12010	FES	-1
DB00279	THRA	1
DB06701	SLC6A2	-1
DB00734	HRH1	-1
DB00313	HDAC9	-1
DB00170	PROC	1
DB08897	CHRM1	-1
DB00753	GABRD	1
DB01110	KCNMA1	-1
DB00852	FOS	-1
DB09089	KCNMB2	-1
DB01047	SMO	1
DB00806	ADORA1	-1
DB12332	PARP2	-1
DB00725	CHRM5	-1
DB00193	ADRA2C	1
DB01276	GLP1R	1
DB00825	CACNA1A	-1
DB12500	JAK1	-1
DB11614	PTAFR	-1
DB00228	KCNN4	-1
DB00471	CYSLTR1	-1
DB00813	OPRM1	1
DB12010	MAP2K2	-1
DB00393	CACNB4	-1
DB00959	ANXA1	1
DB00459	RARA	1
DB00298	ADRA1B	-1
DB01174	GRIA2	-1
DB01224	HTR6	-1
DB00934	ADRA2B	-1
DB00273	SCN3A	-1
DB01017	CYCS	-1
DB06153	CHRM1	-1
DB14762	IL12B	-1
DB04868	ABL1	-1
DB13503	ACHE	-1
DB00308	KCNJ11	-1
DB09213	PTGS1	-1
DB00747	CHRM3	-1
DB12010	MYLK	-1
DB00523	RXRG	1
DB09265	GLP1R	1
DB00573	PTGS1	-1
DB00396	PGR	1
DB00237	CHRNA7	-1
DB01175	HTR2A	-1
DB12001	CDK4	-1
DB00321	SLC6A2	-1
DB13746	CACNA1G	-1
DB00502	GRIN2B	-1
DB00972	HRH1	-1
DB09030	F2R	-1
DB00909	CA8	-1
DB00248	ADRA2B	-1
DB01267	HTR2A	-1
DB00670	CHRM1	-1
DB08912	BRAF	-1
DB00606	FXYD2	-1
DB01438	SCN1A	-1
DB06077	DRD2	1
DB00332	CHRM2	-1
DB08865	MET	-1
DB00333	GRIN2A	-1
DB00334	HTR1E	-1
DB01291	ADRB2	1
DB06148	OPRK1	1
DB01595	GABRD	1
DB01392	DRD3	-1
DB01242	HTR2A	-1
DB06151	GRIN2B	1
DB00354	CHRM1	-1
DB00242	RRM2	-1
DB01616	HTR1A	-1
DB00243	ADRA1A	-1
DB01197	MMP2	-1
DB11828	EGFR	-1
DB01119	CA2	-1
DB01088	PTGIR	1
DB11273	ADRB3	-1
DB12010	STK10	-1
DB00603	GABRD	-1
DB00312	GRIA2	-1
DB01403	DRD1	-1
DB13931	ROCK1	-1
DB00912	ABCC8	-1
DB04908	HTR2A	-1
DB00768	HRH2	-1
DB01591	CHRM4	-1
DB00477	HRH1	-1
DB01173	GRIN2D	-1
DB09334	MC2R	1
DB00381	SMPD1	-1
DB01576	SLC6A2	-1
DB09237	NOS3	1
DB15035	FGR	-1
DB00496	CHRM3	-1
DB06603	HDAC2	-1
DB00159	PPARG	1
DB09061	CNR2	-1
DB00811	ENPP1	-1
DB13961	PPARD	1
DB05260	ATP6V1B2	-1
DB00343	CACNA1C	-1
DB01184	DRD3	-1
DB04855	SCN5A	-1
DB12010	ADORA3	-1
DB00700	NR3C2	-1
DB04946	HTR1A	-1
DB00377	HTR3A	-1
DB14185	ADRA1B	-1
DB11817	JAK3	-1
DB00543	DRD1	-1
DB00640	ADORA1	1
DB00561	KCNK9	-1
DB09061	CAT	-1
DB00987	POLB	-1
DB00011	IFNAR1	1
DB06216	HTR2B	-1
DB12010	ALK	-1
DB01006	CYP19A1	-1
DB11635	ABCB1	-1
DB00540	SLC6A4	-1
DB00169	VDR	1
DB13345	HTR1E	-1
DB01221	BCHE	-1
DB11186	SIGMAR1	1
DB00690	GABRB1	1
DB00675	EBP	-1
DB00547	NR3C1	1
DB09123	PGR	1
DB00434	HTR2C	-1
DB00936	PTGS2	-1
DB00436	KCNMA1	1
DB08889	PSMB10	-1
DB00696	ADRA1B	1
DB01182	ADRB1	-1
DB11235	HRH1	-1
DB12010	DAPK3	-1
DB01233	HTR4	1
DB00588	PLA2G4A	-1
DB00201	ITPR2	-1
DB00945	PTGS2	-1
DB00672	ABCC8	-1
DB01028	GABRA1	1
DB06706	SLC18A2	-1
DB13146	GRIN2B	-1
DB00804	CHRM1	-1
DB00805	CHRM1	1
DB00659	GRIN1	-1
DB11577	ADRA2A	1
DB00612	ADRB2	-1
DB01067	ABCC8	-1
DB00777	CHRM4	-1
DB12010	MTOR	-1
DB01588	GABRG2	1
DB00750	SCN5A	-1
DB00313	SCN9A	-1
DB09070	ESR1	-1
DB04844	DRD2	-1
DB11323	PTGS2	-1
DB04845	TUBB3	-1
DB00514	NCF1	-1
DB00368	ADRA1D	1
DB00320	ADRA2A	1
DB00710	FDPS	-1
DB00907	SLC6A3	-1
DB12010	TEK	-1
DB00030	CPE	1
DB11181	CHRM5	-1
DB00458	SLC6A3	-1
DB01623	DRD2	-1
DB00066	FSHR	1
DB01268	FLT4	-1
DB00865	ADRA2A	1
DB01253	ADRA1A	1
DB06204	OPRM1	1
DB00819	AQP1	-1
DB11186	SCN3A	-1
DB00675	PRKCD	-1
DB00563	ATIC	-1
DB00434	CHRM3	-1
DB00952	HTR1B	1
DB09539	SREBF1	-1
DB00436	CA4	-1
DB09078	KDR	-1
DB00696	ADRA2B	1
DB09046	LEPR	1
DB01198	GABRA2	1
DB06800	OPRM1	-1
DB11235	CHRM3	-1
DB00699	ADRA1A	-1
DB01708	GABRB1	-1
DB12010	DYRK1A	-1
DB01307	INSR	1
DB00201	ADORA2B	-1
DB01624	DRD5	-1
DB00945	PRKAA2	1
DB01078	ATP1A1	-1
DB13985	SSTR1	1
DB00852	NFKB1	-1
DB09089	CACNB2	-1
DB00981	ACHE	-1
DB00757	HTR3A	-1
DB11855	CHRM3	-1
DB00193	GRIN2D	-1
DB00825	CACNA1F	-1
DB10772	TNF	1
DB00228	GABRG2	1
DB00797	ADRA1A	-1
DB12010	LATS1	-1
DB00393	CACNA1D	-1
DB00863	HRH2	-1
DB02709	AKT1	-1
DB00234	SLC6A2	-1
DB00834	NR3C1	-1
DB01159	KCNN4	-1
DB01224	ADRA2A	-1
DB08901	TEK	-1
DB01014	PTGS1	-1
DB01049	DRD1	-1
DB12498	CXCR4	-1
DB00273	CA4	-1
DB01068	GABRB3	1
DB06153	ADRA1A	-1
DB00874	GRIN2B	-1
DB00844	OPRK1	1
DB09049	OPRM1	-1
DB12010	PAK3	-1
DB00555	ADRB1	-1
DB11275	DRD3	1
DB00589	HTR2B	-1
DB08862	RAF1	1
DB01236	GABRG2	1
DB00235	PDE3A	-1
DB00284	SI	-1
DB01254	YES1	-1
DB01392	ADRA2A	-1
DB01210	ADRB2	-1
DB00210	RXRG	1
DB00243	CACNA1D	-1
DB01021	CA1	-1
DB12010	RPS6KA1	-1
DB08910	TNF	-1
DB13751	CASP3	-1
DB00800	ADRA1A	-1
DB11278	ADRA2A	1
DB00398	PDGFRB	-1
DB00514	SLC6A4	-1
DB00191	MAOB	-1
DB00176	SLC6A4	-1
DB00661	CACNA1A	-1
DB00421	CACNA1D	-1
DB00843	GRIN2A	-1
DB01200	DRD4	-1
DB12010	RPS6KA6	-1
DB00749	PTGS1	-1
DB11124	ADRA2A	1
DB00458	CHRM2	-1
DB06262	ADRA1A	1
DB01235	DRD1	1
DB00849	GABRA1	1
DB00543	ADRA2B	-1
DB01221	HTR2C	-1
DB12278	CHRM4	-1
DB00721	MAOB	-1
DB00674	CHRNB4	1
DB00626	IDE	-1
DB09059	OXTR	-1
DB00418	GRIN2A	-1
DB00904	HTR3A	-1
DB00420	CHRM2	-1
DB00586	PTGS2	-1
DB01656	PDE4A	-1
DB06716	GABRB3	1
DB01185	AR	1
DB06016	DRD2	1
DB12141	HTR6	-1
DB00572	CHRM3	-1
DB13345	DRD3	-1
DB00720	SLC25A4	-1
DB01028	GABRB3	1
DB13146	GRIA4	-1
DB00836	POMC	1
DB08868	HDAC1	-1
DB00692	ADRA2A	-1
DB04896	GRIN2A	-1
DB11823	GRIN2B	-1
DB00193	OPRD1	1
DB01115	CACNB2	-1
DB00776	SCN4B	-1
DB11348	CALM1	1
DB00794	CHRNA4	-1
DB09342	SCN9A	-1
DB00228	GABRA2	1
DB12010	IKBKE	-1
DB00344	SLC6A4	-1
DB00346	ADRA1B	-1
DB00186	GABRG2	1
DB01043	GRIN2B	-1
DB01142	HTR2B	-1
DB00070	TGFB1	-1
DB00996	KCNQ3	1
DB00918	HTR1B	1
DB13269	SCN5A	-1
DB00871	ADRB3	1
DB08814	PDE10A	-1
DB00714	ADRA2C	1
DB12010	MAPK10	-1
DB00457	ADRA1B	-1
DB08911	MAP2K2	-1
DB00475	GABRG2	1
DB00363	HTR7	-1
DB01238	DRD3	-1
DB00237	GABRA1	1
DB08901	LCK	-1
DB01065	MTNR1B	1
DB06813	TYMS	-1
DB01049	ADRA1B	-1
DB00273	CACNA1S	-1
DB00906	SLC6A1	-1
DB13746	CACNA2D2	1
DB00454	GRIN2D	-1
DB00908	ADRA1A	-1
DB00909	SCN2A	-1
DB12010	PDPK1	-1
DB08896	FLT1	-1
DB00444	TOP2A	-1
DB01269	EGFR	-1
DB00268	ADRA1A	-1
DB00334	HTR3A	-1
DB01223	ADORA1	-1
DB01162	ADRA1A	-1
DB00321	HTR2C	-1
DB00243	SCN5A	-1
DB01085	CHRM4	1
DB13943	AR	1
DB00988	SLC6A4	-1
DB00182	SLC6A2	1
DB00957	PGR	1
DB11273	HTR1B	-1
DB12010	PTK2	-1
DB00571	ADRB2	-1
DB03756	SREBF1	-1
DB01283	PTGS1	-1
DB09085	SCN2A	-1
DB00622	CHRM3	-1
DB01026	CYP17A1	-1
DB09120	TRPV1	1
DB06207	ADRA1D	-1
DB01579	ADRA1A	1
DB01365	ADRA1B	1
DB00306	CHRNA4	-1
DB00697	ADRA1D	1
DB01151	CHRM2	-1
DB00246	HRH1	-1
DB01136	ADRB2	-1
DB00635	NR3C1	1
DB09167	CHRM5	-1
DB01403	ADRA2B	-1
DB01091	SQLE	-1
DB11571	F8	1
DB06825	GNRHR	1
DB11866	SOST	-1
DB00477	CHRM1	-1
DB11278	ADRB1	1
DB00462	CHRM1	-1
DB11093	CASR	1
DB00054	ITGA2B	-1
DB00514	OPRD1	1
DB14004	IL12B	-1
DB00255	AR	-1
DB00304	PGR	1
DB00661	ADRA1D	-1
DB00371	GABRB1	1
DB01618	HTR1A	-1
DB00060	IFNAR1	1
DB06441	P2RY12	-1
DB01200	ADRA1B	-1
DB12010	TAOK1	-1
DB00814	PTGS1	-1
DB11181	CHRM1	-1
DB00458	HTR7	-1
DB06262	ADRB2	1
DB01268	PDGFRB	-1
DB00849	CHRNA7	-1
DB00543	CHRM2	-1
DB01221	OPRK1	1
DB05271	DRD3	1
DB00674	CHRNA3	1
DB00594	SCNN1B	-1
DB00449	ADRA2A	1
DB00792	HRH1	-1
DB01054	CACNA1D	-1
DB01351	GABRA2	1
DB06216	ADRB2	-1
DB09214	PTGS1	-1
DB01587	GABRB1	1
DB06282	HRH1	-1
DB12010	CAMKK1	-1
DB01169	TXNRD1	-1
DB12141	HTR2A	-1
DB00540	ADRA2C	-1
DB01956	GABRD	1
DB01437	GABRB1	1
DB13345	ADRA1A	-1
DB00575	ADRA2C	1
DB01406	CCL2	-1
DB00899	OPRK1	1
DB11672	ABCC5	-1
DB00722	ACE	-1
DB00723	ADRA1B	1
DB00498	VKORC1	-1
DB01016	CPT1A	-1
DB00598	ADRB1	-1
DB09195	ADRA1A	-1
DB00745	SLC6A3	-1
DB09079	SRC	-1
DB11633	SCN5A	-1
DB01708	GRIN2C	1
DB12010	EPHA8	-1
DB01401	PTGS2	-1
DB00717	AR	1
DB00233	PTGS2	-1
DB01626	MAOA	-1
DB00018	IFNAR1	1
DB01062	CHRM3	-1
DB00852	ADRB1	1
DB09089	CACNA1F	-1
DB00949	GRIN2B	-1
DB00193	GRIN2A	-1
DB01179	TUBB	-1
DB06176	HDAC6	-1
DB13874	IDH2	-1
DB00825	OPRK1	1
DB11793	PARP2	-1
DB10772	PDGFRA	1
DB00228	GABRD	1
DB00391	DRD2	-1
DB00780	ABAT	-1
DB12010	JAK3	-1
DB00376	CHRM4	-1
DB00014	LHCGR	1
DB02709	CBR1	-1
DB00411	CHRM1	1
DB00202	CHRM2	1
DB00543	CHRM1	-1
DB01205	GABRB3	1
DB00656	SLC6A4	-1
DB00641	ITGAL	-1
DB00401	CACNB2	-1
DB08828	SMO	-1
DB09061	SOD1	-1
DB01019	CHRM2	1
DB00028	FCGR2B	-1
DB06216	HTR6	-1
DB12010	AXL	-1
DB01039	PPARA	1
DB05294	TEK	-1
DB00540	HRH1	-1
DB01956	GLRA1	1
DB06684	HTR1A	1
DB00201	ADORA1	-1
DB13345	HTR2B	-1
DB00575	ADRA1D	1
DB00915	DRD2	1
DB06404	C1S	-1
DB00755	RXRG	1
DB00740	SLC7A11	1
DB00548	SRD5A2	-1
DB01033	HPRT1	-1
DB00598	ADRA1B	-1
DB09195	ADRA2A	-1
DB09128	DRD2	1
DB00245	HRH1	-1
DB12010	EPHB4	-1
DB00247	HTR2A	-1
DB01435	PTGS2	-1
DB00734	DRD2	-1
DB09089	CHRM1	-1
DB01080	GABBR1	1
DB00854	OPRK1	1
DB00823	PGR	1
DB00241	GRIA2	-1
DB06711	ADRA1A	1
DB00008	IFNAR2	1
DB00905	PTGFR	1
DB13170	GUCY1A2	1
DB00633	ADRA2A	1
DB00829	GABRB3	1
DB12010	MAP3K4	-1
DB01744	TRPV3	1
DB00475	GABRB1	1
DB00363	HTR1B	-1
DB01076	AHR	1
DB00252	CACNB2	-1
DB01238	DRD1	-1
DB11591	HRH1	-1
DB09074	PARP2	-1
DB01097	DHODH	-1
DB01049	HTR1D	-1
DB00289	GRIN2B	-1
DB06274	OPRK1	-1
DB00986	CHRM1	-1
DB09369	ESR1	1
DB00924	TLR4	-1
DB00909	CA2	-1
DB12010	PKMYT1	-1
DB00555	GABRG2	-1
DB00232	CA1	-1
DB08896	NTRK1	-1
DB00962	GABRA1	1
DB09071	MTNR1A	1
DB00333	CHRNA3	-1
DB08936	HRH1	-1
DB00334	GABRG2	-1
DB00318	OPRD1	1
DB11300	FGB	1
DB01392	KCNJ8	-1
DB01275	HIF1A	1
DB00387	CHRM1	-1
DB00290	LIG3	-1
DB00340	CHRM1	-1
DB01229	BCL2	-1
DB00246	HTR1B	-1
DB01104	SIGMAR1	-1
DB12371	S1PR5	1
DB00619	RET	-1
DB09167	HTR1A	-1
DB01403	CHRM3	-1
DB00960	ADRB3	1
DB11201	PTGS1	-1
DB00785	CHRM5	-1
DB11093	CALM1	1
DB00495	TERT	-1
DB00514	SLC6A2	-1
DB00368	ADRB2	1
DB14583	AR	1
DB00726	HTR1A	-1
DB09061	ACAT1	-1
DB00501	HRH2	-1
DB00907	CHRM2	-1
DB06589	ITK	-1
DB05332	MPL	1
DB12010	ULK1	-1
DB00910	VDR	1
DB00490	DRD2	-1
DB01337	CHRNA2	-1
DB12978	FLT3	-1
DB01339	CHRNA2	-1
DB06204	SLC6A4	-1
DB00835	CHRM4	-1
DB11186	OPRM1	-1
DB00675	PRKCZ	-1
DB00611	OPRK1	1
DB09272	OPRM1	1
DB00984	AR	1
DB10770	FGF1	1
DB00484	ADRA2B	1
DB09078	FGFR4	-1
DB00696	HTR1F	1
DB09079	PDGFRA	-1
DB01214	ADRB1	-1
DB00181	GABBR2	1
DB11311	F13A1	1
DB12010	EIF2AK4	-1
DB00652	OPRK1	1
DB01624	HRH1	-1
DB00945	PRKAG3	1
DB00753	GABRB3	1
DB01110	NOS2	-1
DB00852	ATF6	-1
DB09089	KCNMB1	-1
DB01047	NR3C1	1
DB00806	PDE4B	-1
DB12332	PARP1	-1
DB00725	CHRM4	-1
DB00193	ADRA2B	1
DB01260	NR3C1	1
DB00825	CACNB4	-1
DB05015	HDAC1	-1
DB12500	FLT3	-1
DB00794	GABRG2	1
DB11581	BCL2	-1
DB00228	GLRB	1
DB00455	HRH1	-1
DB12010	LYN	-1
DB00393	CACNB3	-1
DB00959	NR3C1	1
DB00459	RXRA	1
DB00298	ADRA1D	-1
DB00818	GABRB1	1
DB01174	CHRNA7	-1
DB00934	ADRA2A	-1
DB06271	SERPINC1	1
DB11988	MS4A1	-1
DB00273	SCN2A	-1
DB01599	ABCA1	-1
DB01017	CASP3	-1
DB09213	PTGS2	-1
DB00747	CHRM2	-1
DB08816	P2RY12	-1
DB12010	MUSK	-1
DB00523	RXRB	1
DB01106	HRH1	-1
DB00573	PTGS2	-1
DB00379	AHR	1
DB01236	GABRA2	1
DB11071	PTGS2	-1
DB00237	CHRNA4	-1
DB01175	HTR1A	-1
DB00126	PLOD1	1
DB01161	GRIN3A	-1
DB01049	HTR3A	-1
DB00289	OPRK1	1
DB00145	GRIN2A	-1
DB01196	ESR1	1
DB05541	SCN5A	-1
DB00502	DRD1	-1
DB09481	GRIN3A	-1
DB12010	PLK4	-1
DB00248	HTR2A	1
DB08896	RET	-1
DB01381	GABRG2	-1
DB06077	HTR2A	-1
DB00332	CHRM1	-1
DB08865	ALK	-1
DB00333	GRIN1	-1
DB00334	HTR1D	-1
DB00270	CACNB2	-1
DB01392	DRD2	-1
DB01242	SLC6A4	-1
DB06151	CHUK	-1
DB00354	HRH1	-1
DB01600	PTGS1	-1
DB00243	CACNB4	-1
DB01197	ACE	-1
DB11730	CDK6	-1
DB01119	CA1	-1
DB01056	SCN5A	-1
DB11273	ADRB2	-1
DB12010	SRC	-1
DB00603	GABRB3	-1
DB00312	CHRNA7	-1
DB01403	DRD2	-1
DB00896	NR3C1	1
DB04908	HTR1A	1
DB00768	HRH1	-1
DB01591	CHRM2	-1
DB06288	HTR2A	-1
DB01157	DHFR	-1
DB00381	CA1	-1
DB01576	SLC18A2	1
DB09237	CACNA1D	-1
DB06602	IL5	-1
DB15035	JAK3	-1
DB00480	PTGS2	-1
DB00159	PTGS1	-1
DB00517	CHRM3	-1
DB09061	CNR1	-1
DB00306	GABRG2	1
DB00811	NT5C2	1
DB01183	TLR4	-1
DB05260	RRM2	-1
DB01184	DRD2	-1
DB04855	KCNK2	-1
DB12010	SYK	-1
DB00668	TNF	-1
DB04946	DRD4	-1
DB00361	TUBB	-1
DB14185	ADRA1A	-1
DB11817	PTK2B	-1
DB00543	DRD2	-1
DB00640	ADORA3	1
DB00561	KCNK3	-1
DB00384	SCNN1B	-1
DB09061	NQO1	-1
DB00404	GABRA1	1
DB00011	IFNAR2	1
DB06216	HTR2A	-1
DB12010	ACVR1B	-1
DB00990	CYP19A1	-1
DB11619	ESR1	-1
DB00540	SLC6A2	-1
DB06595	FLT3	-1
DB00897	GABRB3	1
DB13345	HTR1D	-1
DB01221	CHRNA7	-1
DB00819	CA12	-1
DB00675	ESR2	-1
DB09107	EPOR	1
DB00434	HTR2A	-1
DB00936	PTGS1	-1
DB04938	ESR1	-1
DB09389	AR	1
DB00420	ADRA1D	-1
DB08889	PSMB2	-1
DB00696	ADRA1A	1
DB01182	SCN5A	-1
DB12010	DAPK2	-1
DB01233	CHRM1	1
DB00588	PGR	1
DB00201	ITPR1	-1
DB00945	PTGS1	-1
DB14562	TFPI	-1
DB06706	ADRA1A	1
DB13146	GRIN2A	-1
DB00788	PTGS2	-1
DB00805	DRD2	1
DB11577	ADRA1D	1
DB00612	ADRB1	-1
DB08809	PDK1	-1
DB00727	NPR1	1
DB11348	CASR	1
DB00777	CHRM2	-1
DB12010	FLT4	-1
DB06822	ITGA4	-1
DB09053	BTK	-1
DB00753	CHRNA4	-1
DB00964	ADRA1A	1
DB09089	CACNA1G	1
DB01064	PIK3R3	1
DB00838	NR3C1	1
DB05381	HRH2	1
DB00774	CA12	-1
DB01346	GRIA2	-1
DB00857	SQLE	-1
DB05015	HDAC7	-1
DB00244	IKBKB	-1
DB12010	MAP3K13	-1
DB00083	SNAP25	-1
DB00991	PTGS2	-1
DB00363	DRD3	-1
DB01043	GLRB	-1
DB00543	CHRM5	-1
DB12015	PIK3CA	-1
DB05271	DRD2	1
DB00674	CHRNA6	1
DB00449	ACHE	-1
DB00824	ADORA2B	-1
DB00420	DRD2	-1
DB08813	SERPINC1	1
DB00554	PTGS2	-1
DB01169	MAPK3	1
DB12141	HTR3A	-1
DB00540	ADRB3	-1
DB01956	GABRG2	1
DB01437	GABRD	1
DB06736	PTGS1	-1
DB13345	ADRA2A	-1
DB00688	IMPDH2	-1
DB14723	NTRK2	-1
DB13146	GRIN2D	-1
DB00659	GRIN2B	-1
DB11577	ADRA2C	1
DB00628	GABRA2	1
DB00177	AGTR1	-1
DB01083	PNLIP	-1
DB00776	SCN2A	-1
DB09292	MME	-1
DB00715	CHRM2	-1
DB12010	GSK3A	-1
DB01588	GABRB1	1
DB00783	ESR2	1
DB02709	PTGS1	-1
DB00313	SCN4B	-1
DB00186	GABRB1	1
DB01043	HTR3A	-1
DB00818	GABRA1	1
DB01142	HTR1A	-1
DB04846	ADRA2A	-1
DB09238	CACNB2	-1
DB01224	DRD2	-1
DB00934	ADRA1B	-1
DB13956	ESR1	1
DB00935	ADRA2C	1
DB11133	SREBF1	-1
DB12483	PIK3CA	-1
DB09047	TOP2A	-1
DB00714	HTR1B	1
DB12010	MARK3	-1
DB00508	HTR2B	-1
DB00363	CHRM3	-1
DB01204	TOP2A	-1
DB09300	CHRM2	-1
DB00334	HTR2A	-1
DB01175	SLC6A2	-1
DB01409	CHRM2	-1
DB01114	HRH1	-1
DB00321	ADRA1D	-1
DB00211	ADRA1D	1
DB13746	CACNB2	-1
DB11254	TYR	-1
DB00988	SLC6A3	1
DB00925	ADRA2C	-1
DB09345	SCN2A	-1
DB12010	PRKCD	-1
DB00555	CHRM2	-1
DB00248	HTR2C	1
DB01267	ADRA2A	-1
DB00751	HTR2A	-1
DB00461	PTGS2	-1
DB09236	CACNB3	-1
DB01577	ADRA2C	1
DB15035	BTK	-1
DB11986	ROS1	-1
DB01393	PPARD	1
DB06694	ADRA1D	1
DB00483	CHRNA2	-1
DB00421	CYP17A1	-1
DB00795	IKBKB	-1
DB13961	SCN9A	-1
DB00246	CHRM4	-1
DB01136	ADRA2A	-1
DB04855	CACNA1D	-1
DB11994	CYP3A4	-1
DB00668	ADRA1A	1
DB09216	PTGS1	-1
DB00328	PTGS1	-1
DB11653	MC1R	1
DB00543	HTR7	-1
DB11901	GABRG2	-1
DB00433	HRH1	-1
DB00402	GABRG2	1
DB00041	IL2RG	1
DB00404	GABRD	1
DB01036	CHRM2	-1
DB01247	MAOB	-1
DB06216	DRD1	-1
DB00424	CHRM4	-1
DB12010	BTK	-1
DB11995	MPL	1
DB00540	CHRM3	-1
DB01956	GABRA2	1
DB06702	CHRM5	-1
DB01404	AHR	1
DB06616	HCK	-1
DB00623	DRD1	-1
DB00963	PTGS1	-1
DB06404	PLAT	-1
DB00564	SCN5A	-1
DB01050	PTGS1	-1
DB00777	DRD2	-1
DB09212	PTGS1	-1
DB00277	ADORA2A	-1
DB01620	HRH1	-1
DB12941	PGR	-1
DB01708	PPARA	1
DB12010	FER	-1
DB06701	SLC6A3	-1
DB00734	HTR1D	-1
DB00313	ACADSB	-1
DB00945	MYC	-1
DB08881	BRAF	-1
DB01142	HTR2A	-1
DB00996	ADORA1	1
DB01144	CA4	-1
DB08604	TPO	-1
DB00902	HRH1	-1
DB13269	SCN3A	-1
DB00871	ADRB2	1
DB00025	PHYH	-1
DB00921	OPRD1	-1
DB13908	SCN2A	-1
DB11859	GABRG2	1
DB08814	NOS2	1
DB00714	DRD2	1
DB12010	MAP4K4	-1
DB00118	CBS	1
DB01023	CACNA2D2	-1
DB08911	MAP2K1	-1
DB00363	HTR6	-1
DB00204	KCNK2	-1
DB01238	ADRA1B	-1
DB00221	ADRB2	1
DB09460	CA4	-1
DB01224	CHRM3	-1
DB08901	FGFR4	-1
DB01065	MTNR1A	1
DB06813	DHFR	-1
DB00040	GLP1R	1
DB01049	ADRA1A	-1
DB00273	CACNA1F	-1
DB06153	ADRA2C	-1
DB00890	ESR1	1
DB00454	GRIN2C	-1
DB00908	SCN5A	-1
DB00909	SCN1A	-1
DB12010	PDGFRB	-1
DB00555	GABRA2	-1
DB08880	DHODH	-1
DB00268	DRD4	1
DB00334	HTR2C	-1
DB01223	PDE3A	-1
DB01274	ADRB2	1
DB01146	SLC6A3	-1
DB00321	SIGMAR1	1
DB00243	SCN3A	-1
DB01085	CHRM2	1
DB06196	BDKRB2	-1
DB13926	NTRK1	1
DB00988	SLC6A2	-1
DB00941	BCHE	-1
DB11273	HTR1A	-1
DB12010	PRKG2	-1
DB00571	ADRB1	-1
DB03756	RXRG	1
DB01283	PTGS2	-1
DB09085	SCN1A	-1
DB00622	CHRM2	-1
DB01359	HTR1B	-1
DB00366	CHRM1	-1
DB06207	ADRA1B	-1
DB11626	TNFRSF1B	1
DB01427	PDE3B	-1
DB01365	ADRA1A	1
DB00435	GUCY1A2	1
DB00697	ADRA1B	1
DB13961	CACNA1S	-1
DB01151	CHRM1	-1
DB04854	XDH	-1
DB00246	HTR7	-1
DB04839	AR	-1
DB00619	PDGFRB	-1
DB09167	CHRM4	-1
DB01403	ADRA2A	-1
DB01075	CHRM2	-1
DB06787	CHRM4	-1
DB11834	IL23A	-1
DB00477	ADRA2C	-1
DB01189	GABRD	1
DB11278	ADRA2C	1
DB09568	LPL	1
DB00054	ITGB3	-1
DB00514	OPRM1	1
DB06725	PTGS2	-1
DB00288	ANXA1	1
DB00661	ADRA1B	-1
DB09061	TRPA1	1
DB00421	CACNB4	-1
DB01618	DRD2	-1
DB00044	LHCGR	1
DB01215	GABRD	1
DB01200	ADRA1A	-1
DB12010	TEC	-1
DB00814	PTGS2	-1
DB11124	ADRB3	1
DB00458	ADRA1B	-1
DB06262	ADRB1	1
DB01251	KCNJ8	-1
DB13932	RPE65	-1
DB00849	CHRNA4	-1
DB01221	SLC6A2	-1
DB05246	CACNA1G	-1
DB00674	CHRNA2	1
DB00594	SCNN1A	-1
DB00449	ADRA1A	1
DB00418	GABRA2	1
DB00775	ITGB3	-1
DB00599	GRIK2	-1
DB01351	GABRA1	1
DB06216	ADRB1	-1
DB00472	CHRNB4	-1
DB01587	GABRA1	1
DB12010	CAMK2G	-1
DB00231	GABRA2	1
DB01169	IKBKB	1
DB12141	HTR1F	-1
DB00540	ADRA2B	-1
DB01956	GABRB3	1
DB00201	PDE7B	-1
DB13345	ADRB3	-1
DB00575	ADRA2B	1
DB01406	GNRHR	-1
DB13952	ESR2	1
DB00899	OPRD1	1
DB00706	ADRA1B	-1
DB00723	ADRA1A	1
DB00643	TUBA1A	-1
DB01016	KCNJ8	-1
DB00550	TPO	-1
DB09195	HTR2C	-1
DB00728	HTR3A	-1
DB09079	LYN	-1
DB11633	KCNQ1	-1
DB00715	ADRB3	-1
DB01708	GRIN2B	1
DB12010	EPHA7	-1
DB01401	PTGS1	-1
DB00717	PGR	1
DB00217	ADRB3	-1
DB00153	CACNA1G	1
DB00945	CASP3	-1
DB01626	MAOB	-1
DB00852	ADRB2	1
DB09089	CACNA1D	-1
DB00933	DRD2	-1
DB11823	BDNF	1
DB09076	CHRM5	-1
DB00193	GRIN1	-1
DB01179	TUBA4A	-1
DB06176	HDAC4	-1
DB00825	TRPV3	1
DB11793	PARP1	-1
DB10772	FGFR2	1
DB00228	GABRB3	1
DB00374	P2RY12	1
DB00780	AOC3	-1
DB12010	JAK2	-1
DB00376	CHRM3	-1
DB15593	DMD	1
DB00831	CALM1	-1
DB00202	CHRM1	1
DB01142	ADRA1A	-1
DB01063	DRD1	-1
DB04846	ADRB1	-1
DB09238	CACNA1F	-1
DB01192	OPRD1	-1
DB00934	CHRM4	-1
DB00903	GSTP1	-1
DB11079	PTGS2	-1
DB00985	HRH1	-1
DB00714	ADRA2A	1
DB00829	GABRA2	1
DB12010	MAPKAPK5	-1
DB09068	HTR7	-1
DB00363	ADRA2C	-1
DB01156	CHRNA3	-1
DB01237	HRH1	-1
DB11186	SCN2A	-1
DB00690	GABRB3	1
DB00675	PRKCB	-1
DB00563	TYMS	-1
DB00434	CHRM2	-1
DB00952	HTR1D	1
DB00436	CA2	-1
DB09078	FLT1	-1
DB00696	ADRA2A	1
DB01198	GABRA1	1
DB11235	CHRM2	-1
DB12010	DDR2	-1
DB01282	OXTR	1
DB00201	ATM	-1
DB01624	DRD1	-1
DB00153	CACNA2D3	1
DB00945	PRKAA1	1
DB00035	AVPR2	1
DB01062	CHRM1	-1
DB13985	SSTR2	1
DB00852	TNF	-1
DB00949	GRIN2A	-1
DB00741	ANXA1	1
DB11855	CHRM2	-1
DB00644	GNRHR	1
DB00193	GRIN2C	-1
DB00825	CACNA1D	-1
DB00794	GABRB1	1
DB10772	TGFB1	1
DB00391	CA2	-1
DB00780	GPT2	-1
DB12010	KIT	-1
DB00393	CACNA1C	-1
DB00031	PLG	1
DB00411	CHRNA2	1
DB00218	TOP2A	-1
DB00834	PGR	-1
DB01222	NR3C1	-1
DB01159	MT-ND1	-1
DB01224	ADRA1D	-1
DB08901	RET	-1
DB01014	PTGS2	-1
DB12267	ERBB2	-1
DB00273	CA2	-1
DB06153	HRH1	-1
DB00043	MS4A2	-1
DB00874	GRIN2A	-1
DB13746	CACNG3	1
DB00422	SLC6A2	-1
DB00812	PTGS1	-1
DB12010	PAK2	-1
DB00555	ADRA2A	-1
DB02638	AVPR1A	1
DB11275	DRD2	1
DB00589	HTR1D	1
DB08862	CCKAR	1
DB00412	ACSL4	-1
DB11572	FGG	1
DB00219	CHRM1	-1
DB00284	GAA	-1
DB06148	SLC6A4	-1
DB00210	RARB	1
DB06779	TFPI	-1
DB00243	CACNA1C	-1
DB00568	CACNA1G	-1
DB00182	ADRB3	1
DB01021	ATP1A1	-1
DB11273	HTR3C	-1
DB12010	ROS1	-1
DB00603	GABRA2	-1
DB08910	CRBN	-1
DB13751	TNF	-1
DB00800	ADRA1D	-1
DB00703	CA2	-1
DB00398	FLT3	-1
DB09351	ADRB1	-1
DB06791	SSTR5	1
DB00514	GRIN3A	-1
DB13955	ESR2	1
DB00191	MAOA	-1
DB02546	HDAC6	-1
DB00421	CACNA1C	-1
DB00843	GRIN1	-1
DB01200	HTR2B	1
DB04855	THRA	-1
DB12010	ABL1	-1
DB00749	PTGS2	-1
DB11124	ADRA1B	1
DB00458	CHRM1	-1
DB01219	RYR1	-1
DB01221	HTR2B	-1
DB12278	CHRM3	-1
DB00721	MAOA	-1
DB00610	ADRA1A	1
DB00418	GRIN1	-1
DB00872	AVPR2	-1
DB09242	ADRA2A	1
DB00420	CHRM4	-1
DB01118	ADRB1	-1
DB01351	GRIK2	-1
DB01656	PDE4D	-1
DB12010	CLK1	-1
DB00231	GABRG2	1
DB06016	DRD3	1
DB12141	HTR4	-1
DB00572	CHRM2	-1
DB00201	PDE8B	-1
DB00153	VDR	1
DB13345	DRD2	-1
DB00704	SIGMAR1	-1
DB13146	GRIA3	-1
DB00836	CACNA1A	-1
DB08868	S1PR5	1
DB00869	CA1	-1
DB00659	GRM5	-1
DB04896	GRIN1	-1
DB11823	GRIN2A	-1
DB00628	GABRB1	1
DB00193	OPRK1	1
DB01115	CACNA1D	-1
DB13151	F8	1
DB00776	SCN1B	-1
DB00228	GABRA1	1
DB12010	IKBKB	-1
DB00344	SLC6A2	-1
DB00346	ADRA1A	-1
DB01043	GRIN2A	-1
DB01174	CHRNA4	-1
DB01143	ENPP1	1
DB06271	SERPIND1	1
DB00273	SCN1A	-1
DB01017	CASP1	-1
DB12688	EEF2	-1
DB09129	INSR	1
DB00747	SI	-1
DB00829	GABRD	1
DB08799	HRH1	-1
DB12010	MKNK2	-1
DB00523	RARB	1
DB01090	CHRNB4	-1
DB00557	HRH1	-1
DB00379	SCN5A	-1
DB11071	PTGS1	-1
DB01238	HTR2B	-1
DB01175	HRH1	-1
DB01049	HTR2C	-1
DB00289	KCNJ3	-1
DB01196	MAP2	-1
DB06439	LPL	-1
DB01035	SCN5A	-1
DB05541	SCN3A	-1
DB00502	DRD2	-1
DB09481	GRIN2D	-1
DB00956	OPRD1	1
DB12010	PLK3	-1
DB00248	DRD3	1
DB01250	TPMT	-1
DB08896	ABL1	-1
DB00590	ADRA1D	-1
DB00315	HTR1A	1
DB08804	AR	1
DB00333	OPRM1	1
DB00334	HTR1B	-1
DB06148	ADRA2B	-1
DB01595	GABRG2	1
DB01392	HTR1D	-1
DB06151	IKBKB	-1
DB00338	AHR	1
DB00226	SLC6A2	1
DB01600	PTGS2	-1
DB00243	CACNB3	-1
DB01165	TOP2A	-1
DB06780	NR3C2	1
DB11730	CDK4	-1
DB01119	KCNJ11	1
DB00198	NEU1	-1
DB11273	ADRB1	-1
DB12010	SLK	-1
DB00312	CHRNA4	-1
DB13783	PTGS2	-1
DB00880	CA2	-1
DB04890	HRH1	-1
DB00752	MAOA	-1
DB01591	CHRM1	-1
DB06288	HTR7	-1
DB01125	GGCX	-1
DB00381	CACNA2D3	-1
DB01544	GABRG2	1
DB09237	CACNA1C	-1
DB15035	TEC	-1
DB00480	CDH5	-1
DB00159	PTGS2	-1
DB06814	ADRB2	1
DB00517	CHRM2	-1
DB09043	GLP1R	1
DB00421	CACNG3	-1
DB13961	PPARA	1
DB01183	ESR1	-1
DB05219	PDE4D	-1
DB00310	CA1	-1
DB01168	MAOB	-1
DB04855	CACNB4	-1
DB11994	CYP2D6	-1
DB00668	ADRA1D	-1
DB04946	DRD3	-1
DB00328	AKR1C3	-1
DB01589	GABRD	1
DB14185	HRH1	-1
DB11817	JAK2	-1
DB00543	SLC6A4	-1
DB00640	ADORA2B	1
DB00384	SCNN1A	-1
DB00726	HTR2C	-1
DB09061	CYP1B1	-1
DB06216	HTR1B	-1
DB12010	ACVR1	-1
DB00942	CHRM1	-1
DB11619	GNRHR	-1
DB06595	PDGFRB	-1
DB13345	HTR1B	-1
DB01221	HTR3A	1
DB00819	CA4	-1
DB00675	ESR1	-1
DB00434	HRH1	-1
DB00420	HRH1	-1
DB08889	PSMB9	-1
DB00696	DRD2	1
DB01166	PDE3A	-1
DB00683	GABRA2	1
DB01708	GABRA2	-1
DB12010	DAPK1	-1
DB01233	DRD2	-1
DB00588	NR3C1	1
DB00201	PIK3CB	-1
DB00153	CACNG7	1
DB00929	PTGER1	1
DB01028	GLRA1	1
DB13146	GRIN1	-1
DB00788	PTGS1	-1
DB00805	DRD1	1
DB11577	ADRA1B	1
DB00596	NR3C1	1
DB01050	GP1BA	1
DB00711	PTGS1	-1
DB11081	GLUD1	-1
DB00777	CHRM5	-1
DB09228	PLAT	-1
DB12010	FLT3	-1
DB00295	LY96	1
DB06822	SERPINC1	1
DB13074	GHSR	1
DB00734	DRD1	-1
DB00313	SCN5A	-1
DB09036	IL6	-1
DB06809	CXCR4	-1
DB00964	ADRA2A	1
DB01064	PIK3R2	1
DB00822	DBH	-1
DB05381	HRH1	1
DB12783	DDC	-1
DB01346	SCN5A	-1
DB06650	MS4A1	-1
DB05015	HDAC6	-1
DB00842	GABRA2	1
DB00244	CHUK	-1
DB00569	SERPINC1	1
DB12010	MAP3K12	-1
DB00065	TNF	-1
DB00991	PTGS1	-1
DB00363	DRD1	-1
DB01174	GRIN2D	-1
DB01224	HRH1	-1
DB08901	ABL1	-1
DB00998	HTR1D	1
DB00273	GRIK3	-1
DB06153	HTR1A	-1
DB13746	SCN9A	1
DB00373	ADRB2	-1
DB09213	CFTR	-1
DB00796	AGTR1	-1
DB00861	PTGS2	-1
DB12010	NTRK2	-1
DB00555	ADORA1	-1
DB00184	CHRNA3	1
DB01154	KCNJ11	-1
DB00589	DRD1	-1
DB00396	AR	1
DB01236	GABRB3	1
DB11572	F13B	1
DB00575	ADRA1B	1
DB00915	CHRNA7	-1
DB06404	C1R	-1
DB00755	RXRB	1
DB00740	SCN5A	-1
DB00659	GABRA2	1
DB09472	CA1	-1
DB00548	AKR1D1	-1
DB01016	TRPM4	-1
DB00598	ADRA1A	-1
DB09195	ADRA1D	-1
DB09128	HTR1A	1
DB00245	SLC6A3	-1
DB01708	GRIN3A	1
DB12010	EPHB2	-1
DB00247	HTR2C	-1
DB01419	PTGS2	-1
DB00734	HTR2A	-1
DB00233	ALOX5	-1
DB00769	NR3C1	1
DB01126	SRD5A2	-1
DB00019	CSF3R	1
DB00854	OPRD1	1
DB05381	HRH4	1
DB00241	CHRNA7	-1
DB01394	TUBB	-1
DB06711	ADRA2A	1
DB00889	HTR3A	-1
DB05015	HDAC9	-1
DB11859	GABRB1	1
DB00276	TOP2A	-1
DB12010	MAP3K3	-1
DB00425	GABRA2	1
DB01744	TRPV1	1
DB01023	CACNA1C	-1
DB00363	HTR1A	-1
DB01076	DPP4	-1
DB01238	HTR6	-1
DB00237	GABRD	1
DB01159	GABRG2	1
DB01273	CHRNB2	1
DB09074	PARP1	-1
DB01081	OPRD1	1
DB01049	HTR1B	-1
DB00289	GRIN2A	-1
DB06274	OPRM1	-1
DB00970	TOP2B	-1
DB09343	TYMP	-1
DB00924	HTR7	-1
DB08815	ADRA2C	-1
DB00909	CA1	-1
DB12010	PIP4K2C	-1
DB00216	HTR7	1
DB08896	DDR2	-1
DB00946	VKORC1	-1
DB09054	PIK3CD	-1
DB00333	CHRNA7	1
DB08916	ERBB4	-1
DB00318	OPRK1	1
DB01612	NPR1	1
DB11300	FGA	1
DB01275	P4HA1	-1
DB00370	ADRA1D	-1
DB00290	LIG1	-1
DB01229	TUBB1	-1
DB01151	HTR2A	-1
DB00246	HTR1A	1
DB01104	SLC6A3	-1
DB00619	KIT	-1
DB00312	GABRB1	1
DB01403	CHRM2	-1
DB00785	CHRM4	-1
DB00514	RAC2	-1
DB00368	ADRB1	1
DB00353	DRD1	-1
DB14583	PGR	1
DB00726	HTR2A	1
DB09061	PTGS2	-1
DB00469	PTGS1	-1
DB00907	CHRM1	-1
DB06589	FGFR3	-1
DB05311	KLKB1	-1
DB12010	TXK	-1
DB00082	GHR	-1
DB00894	CYP19A1	-1
DB11274	DRD3	1
DB00490	HTR1A	1
DB01284	MC2R	-1
DB06202	CNR2	-1
DB13999	LRP1	1
DB12978	KIT	-1
DB01288	ADRB3	1
DB00835	CHRM3	-1
DB11186	OPRK1	1
DB00675	PRKCQ	-1
DB09256	TYMS	-1
DB00968	DDC	-1
DB10770	TGFBR2	1
DB00484	ADRA2A	1
DB09078	FGFR3	-1
DB00696	HTR1A	1
DB09079	FLT4	-1
DB01214	ADRB2	-1
DB00181	GABBR1	1
DB01399	PTGS1	-1
DB11311	FGB	-1
DB12010	EIF2AK2	-1
DB00652	OPRM1	-1
DB01624	HTR2A	-1
DB00153	CACNA1S	1
DB00945	PRKAG2	1
DB01110	NOS3	-1
DB00852	ATF4	-1
DB09089	KCNMA1	-1
DB01013	NR3C1	1
DB00790	SFRP4	-1
DB00725	CHRM1	-1
DB00193	ADRA2A	1
DB01227	CHRNA3	-1
DB06410	VDR	-1
DB00825	CACNB3	-1
DB12500	JAK2	-1
DB00228	GLRA1	1
DB12010	LRRK2	-1
DB00393	CACNB2	-1
DB00927	HRH2	-1
DB00443	NR3C1	1
DB00298	ADRA1A	-1
DB00850	CALM1	-1
DB00188	PSMB1	-1
DB01238	ADRA1A	-1
DB00221	ADRB1	1
DB01159	GABRA2	1
DB09460	CA2	-1
DB08901	FGFR3	-1
DB01049	DRD4	-1
DB00273	CACNA1D	-1
DB01068	GABRG2	1
DB06153	ADRA2B	-1
DB00454	GRIN2A	-1
DB00876	AGTR1	-1
DB12010	PDGFRA	-1
DB00555	GABRA1	-1
DB00184	CHAT	-1
DB08862	CCKBR	1
DB00268	DRD3	1
DB00334	DRD4	-1
DB01146	HRH1	-1
DB01277	IGF1R	1
DB00243	SCN2A	-1
DB01085	CHRM1	1
DB06154	HBB	1
DB00182	SLC6A3	-1
DB00925	ADRA1D	-1
DB09555	HRH1	-1
DB12010	PRKD1	-1
DB00555	HTR3A	-1
DB03756	RXRB	1
DB09085	RYR2	1
DB00622	CHRM1	-1
DB01010	BCHE	-1
DB01359	HTR1A	-1
DB00366	HRH1	-1
DB13954	ESR2	1
DB00367	PGR	1
DB06207	ADRA1A	-1
DB11626	TNFRSF1A	1
DB01427	TNF	-1
DB01245	ACHE	-1
DB00697	ADRA1A	1
DB13961	CACNA1F	-1
DB01151	ADRA1D	-1
DB00246	HTR6	-1
DB01136	ADRA1A	-1
DB11732	HTR1F	1
DB00619	ABL1	-1
DB09167	CHRM3	-1
DB00312	GABRG2	1
DB01403	ADRA1D	-1
DB01075	HRH1	-1
DB06787	CHRM3	-1
DB00477	ADRA2B	-1
DB01189	GABRB3	1
DB11278	ADRA2B	1
DB09568	ELOVL4	1
DB00038	IL11RA	1
DB00514	CHRNA7	-1
DB06725	PTGS1	-1
DB00288	NR3C1	1
DB01580	ADRB2	-1
DB00661	ADRA1A	-1
DB00421	CACNB3	-1
DB01583	THRB	1
DB01215	GABRB3	1
DB01200	DRD1	1
DB12010	STK3	-1
DB11124	ADRA1D	-1
DB00458	HTR2C	-1
DB06262	ADRA2C	1
DB00015	PLG	1
DB01251	ABCC8	-1
DB00543	ADRA1D	-1
DB00674	CHRNE	1
DB00562	CA12	-1
DB00433	ADRA2C	-1
DB00418	GABRA1	1
DB00775	ITGA2B	-1
DB00599	GRIA2	-1
DB01054	CACNB2	-1
DB01303	HDAC2	1
DB06216	HRH2	-1
DB00472	CHRNA3	-1
DB06217	SCN5A	-1
DB12010	CAMK2D	-1
DB01137	TOP2A	-1
DB12141	HTR1E	-1
DB00540	ADRA2A	-1
DB00201	PDE4D	-1
DB06616	CAMK2G	-1
DB13345	ADRB2	-1
DB00575	ADRA2A	1
DB01406	PGR	1
DB13952	ESR1	1
DB00899	OPRM1	1
DB00706	ADRA1D	-1
DB00707	FCGR1A	-1
DB00482	CA2	-1
DB10770	TNF	1
DB09195	HTR2A	-1
DB00728	CHRM2	-1
DB09079	LCK	-1
DB01370	KLK1	-1
DB11633	KCNJ11	-1
DB00715	ADRB2	-1
DB01708	GRIN2A	1
DB12010	EPHA6	-1
DB01353	GRIK2	-1
DB00217	ADRB2	-1
DB00153	CACNA1E	1
DB00945	CASP1	-1
DB00753	GRIA1	-1
DB00852	SLC6A4	-1
DB09089	CACNA1C	-1
DB00933	HTR2A	-1
DB11823	EEF2	-1
DB09076	CHRM4	-1
DB00193	TRPV1	1
DB01179	TOP2A	-1
DB06176	HDAC2	-1
DB00825	TRPA1	1
DB11761	SLC9A3	-1
DB10772	IFNG	1
DB00374	PPARD	1
DB00780	MAOB	-1
DB12010	ITK	-1
DB00376	CHRM2	-1
DB00831	ADRA1A	-1
DB00202	CHRNA7	1
DB09118	GABRD	1
DB00068	IFNAR2	1
DB00802	OPRM1	1
DB01142	CHRM5	-1
DB01063	DRD2	-1
DB09238	CACNA1D	-1
DB01192	OPRM1	1
DB00934	CHRM3	-1
DB13872	GABRG2	1
DB11079	PTGS1	-1
DB00292	GABRD	1
DB00714	HTR2B	1
DB00829	GABRA1	1
DB12010	MAPK9	-1
DB09068	HTR3A	-1
DB00363	ADRA2B	-1
DB01156	SLC6A2	-1
DB00898	GLRA1	1
DB00252	CACNA1D	-1
DB01238	HTR1B	-1
DB00237	GABRB1	1
DB01159	GABRD	1
DB11130	OPRK1	1
DB01273	CHRNA7	1
DB08918	SLC6A2	-1
DB01049	ADRB2	-1
DB13873	PPARA	1
DB00289	SLC6A2	-1
DB01100	CALM1	-1
DB00938	ADRB1	1
DB00454	OPRM1	1
DB00924	HTR6	-1
DB08815	HTR2A	-1
DB00909	CACNA1G	-1
DB12010	PIK3CG	-1
DB00555	GABRB3	-1
DB00216	HTR1A	1
DB00605	PPARD	-1
DB08896	FGFR1	-1
DB00509	THRB	1
DB01338	CHRM3	-1
DB00688	IMPDH1	-1
DB14723	NTRK1	-1
DB01028	GABRA2	1
DB13146	GRIN2C	-1
DB00804	CHRM2	-1
DB00659	GRIN2A	-1
DB11577	ADRA2B	1
DB00628	GABRA1	1
DB01067	PPARG	1
DB00776	SCN1A	-1
DB00777	CHRM1	-1
DB00293	TYMS	-1
DB00715	CHRM1	-1
DB12010	FYN	-1
DB00783	ESR1	1
DB00313	SCN1B	-1
DB00818	SCN2A	-1
DB01142	ADRA1D	-1
DB04846	ADRB3	1
DB01224	HTR2A	-1
DB00934	ADRA1A	-1
DB13872	GABRA1	1
DB00935	ADRA2A	1
DB11133	PPARA	1
DB00058	ELANE	-1
DB01001	ADRB1	1
DB00292	GABRG2	1
DB09029	IL17A	-1
DB00714	HTR1D	1
DB12010	MARK2	-1
DB00489	ADRB2	-1
DB09068	HTR1A	1
DB00508	DRD2	-1
DB00363	CHRM2	-1
DB09300	CHRM3	-1
DB00317	EGFR	-1
DB01175	DRD2	-1
DB01409	CHRM1	-1
DB01225	SERPINC1	1
DB01098	ITGAL	-1
DB05578	KDR	-1
DB00321	ADRA1A	-1
DB00211	ADRA1B	1
DB01069	CHRM5	-1
DB11254	TGM2	-1
DB00988	DRD4	1
DB00925	ADRA2A	-1
DB09345	SCN1A	-1
DB12010	PRKACB	-1
DB00555	CHRM1	-1
DB00248	HTR1B	1
DB01267	HTR2C	-1
DB09016	HTR2A	-1
DB00622	CACNA1D	-1
DB00445	TOP2A	-1
DB09236	CACNB2	-1
DB00349	GABRG2	1
DB01544	GABRA2	1
DB01577	ADRA2B	1
DB14500	ATP1A1	1
DB00432	TYMS	-1
DB11986	NTRK3	-1
DB01393	PPARA	1
DB06694	ADRA1B	1
DB00483	ACHE	-1
DB00421	CYP11B2	-1
DB00795	CHUK	-1
DB00246	CHRM3	-1
DB01136	ADRA2B	-1
DB04855	CACNA1C	-1
DB11994	CYP1A2	-1
DB14012	FGF23	-1
DB00651	PDE7B	-1
DB09167	SLC6A4	-1
DB00543	HTR6	-1
DB00656	ADRA2A	-1
DB00433	DRD2	-1
DB00041	IL2RA	1
DB00404	GABRB3	1
DB00599	GABRA2	1
DB01036	CHRM3	-1
DB01247	MAOA	-1
DB06216	DRD4	-1
DB00424	CHRM3	-1
DB12010	BRAF	-1
DB01073	POLA1	-1
DB11995	ABCG2	-1
DB00540	CHRM2	-1
DB01956	GABRA1	1
DB06702	CHRM2	-1
DB01404	PTGS2	-1
DB00050	GNRHR	-1
DB13345	HTR3C	-1
DB00623	DRD2	-1
DB06403	EDNRB	-1
DB00963	PTGS2	-1
DB00772	BCHE	-1
DB00659	GABRB1	1
DB11327	NOS2	-1
DB00564	SCN3A	-1
DB01050	PTGS2	-1
DB09195	SLC6A4	-1
DB00777	HTR2C	-1
DB09212	PTGS2	-1
DB00277	ADORA1	-1
DB12941	AR	-1
DB12010	ERN1	-1
DB01452	OPRD1	1
DB06612	IL5	-1
DB00734	ADRA1B	-1
DB00945	CCND1	-1
DB08822	AGTR1	-1
DB01142	SLC6A4	-1
DB09105	S1PR1	1
DB01144	CA1	-1
DB13269	SCN2A	-1
DB00855	ALAD	1
DB09257	DPYD	-1
DB00921	OPRK1	-1
DB00292	GABRA2	1
DB08814	NFKB1	-1
DB00714	DRD4	1
DB12010	MAP4K3	-1
DB00363	HTR2C	-1
DB01092	ATP1A3	-1
DB04843	CHRM3	-1
DB00252	SCN2A	-1
DB01238	DRD5	-1
DB01175	CHRM1	-1
DB01113	PDE10A	-1
DB01049	HTR2B	-1
DB01180	ACE	-1
DB05541	SCN2A	-1
DB00486	CNR1	1
DB09481	GRIN2C	-1
DB00956	OPRM1	1
DB12010	PLK2	-1
DB00248	HTR2B	1
DB01234	NOS2	-1
DB08896	MAPK11	-1
DB00590	ADRA1A	-1
DB01381	GABRA1	-1
DB00315	HTR1F	1
DB00316	TRPV1	1
DB00334	HTR1A	-1
DB00270	CACNA1C	-1
DB01392	HTR1B	-1
DB01226	CHRM3	-1
DB00210	PTGS2	-1
DB00243	CACNB2	-1
DB11712	CFTR	1
DB11273	HTR7	-1
DB12010	SIK2	-1
DB00603	GABRB1	-1
DB13783	PTGS1	-1
DB00880	CA1	-1
DB09282	GUCY1A2	1
DB00752	MAOB	-1
DB01591	CHRM3	-1
DB06288	DRD3	-1
DB00477	HTR2A	-1
DB01544	GABRB3	1
DB15035	JAK2	-1
DB00480	TNFSF11	-1
DB06603	HDAC1	-1
DB00517	CHRM1	-1
DB09026	REN	-1
DB00421	CACNG2	-1
DB00811	IMPDH1	-1
DB13961	SREBF1	1
DB00294	ESR1	1
DB01168	MAOA	-1
DB04855	CACNB3	-1
DB11994	CYP2C9	-1
DB00668	ADRA2B	1
DB04946	DRD1	-1
DB00328	PPARA	1
DB11817	JAK1	-1
DB00543	SLC6A2	-1
DB11901	GABRA2	-1
DB00640	ADORA2A	1
DB00545	BCHE	-1
DB00384	SCNN1G	-1
DB00726	HRH1	-1
DB09061	IDO1	-1
DB00939	ALOX5	-1
DB06698	HRH1	1
DB06216	HTR1A	-1
DB12010	ABL2	-1
DB11619	AR	-1
DB00490	ADRA1D	1
DB06595	PDGFRA	-1
DB13345	HTR1A	-1
DB01221	HTR1F	-1
DB00819	CA2	-1
DB00920	HRH1	-1
DB00420	ADRA1A	-1
DB08889	PSMB1	-1
DB00696	HTR2A	1
DB00132	NR1H4	1
DB06699	GNRHR	-1
DB11219	AR	-1
DB00683	GABRA1	1
DB01708	GABRA1	-1
DB12010	CSNK2A2	-1
DB01217	CYP19A1	-1
DB00201	PIK3CA	-1
DB00929	PTGER4	1
DB01559	GABRD	1
DB01028	GRIA1	-1
DB00771	CHRM1	-1
DB00805	SLC6A4	-1
DB11577	ADRA1A	1
DB01050	PPARA	1
DB00711	ALOX5	-1
DB09422	PPARA	1
DB00777	CHRM3	-1
DB00277	HDAC2	1
DB12010	FLT1	-1
DB00295	OPRD1	1
DB06802	PTGS2	-1
DB00734	HTR1A	-1
DB00313	SCN3A	-1
DB00186	GABRA2	1
DB01009	PTGS2	-1
DB06788	GNRHR	1
DB01110	KCNN4	-1
DB01064	PIK3R1	1
DB00822	ALDH2	-1
DB00774	CA4	-1
DB01346	GABRA2	1
DB06626	FLT4	-1
DB00841	ADRA1D	1
DB05015	HDAC5	-1
DB00244	PPARG	1
DB00537	TOP2A	-1
DB12010	MAP3K11	-1
DB00475	GABRA2	1
DB00363	HTR2A	-1
DB00818	GABRG2	1
DB01174	GRIN2C	-1
DB01159	GLRA1	1
DB00999	KCNMA1	-1
DB12267	FLT3	-1
DB00273	GRIK2	-1
DB06153	HTR2C	-1
DB00373	ADRB1	-1
DB09213	PPARG	1
DB12010	NTRK1	-1
DB00555	SCN2A	-1
DB00184	CHRNA2	1
DB01154	KCNJ8	-1
DB09488	HRH1	-1
DB00589	DRD4	1
DB00396	NR3C1	1
DB11572	F13A1	1
DB00285	SLC6A4	-1
DB01175	ADRA2A	-1
DB12147	FGFR4	-1
DB01193	ADRB2	1
DB01049	HTR6	-1
DB00321	OPRK1	1
DB00195	ADRB1	-1
DB01069	CHRM2	-1
DB00988	DRD1	1
DB09130	APP	-1
DB00909	MAOB	-1
DB12010	PRKAG1	-1
DB00248	ADRA2C	-1
DB01267	DRD4	-1
DB00751	HRH1	-1
DB00622	CACNA1C	-1
DB00753	GABRA2	1
DB00018	IFNAR2	1
DB01062	CHRM2	-1
DB00852	NFATC1	-1
DB09089	CACNA1S	-1
DB00949	GRIN3A	-1
DB00741	NR3C1	1
DB11855	CHRM1	-1
DB00193	GRIN2B	-1
DB00825	CACNA1C	-1
DB11842	AGTR1	1
DB10772	TGFBR2	1
DB00391	DRD3	-1
DB12010	KDR	-1
DB00376	CHRM5	-1
DB00014	GNRHR	1
DB00411	CHRM2	1
DB00202	CHRM3	1
DB09118	GABRG2	1
DB01159	KCNJ3	-1
DB01224	ADRA1B	-1
DB08901	KIT	-1
DB01014	PPARG	1
DB01032	PANX1	-1
DB12267	ERBB4	-1
DB00273	GRIK5	-1
DB00094	FSHR	1
DB01068	GABRB1	1
DB06153	HTR1D	-1
DB00043	FCER1A	-1
DB00874	GRIN1	-1
DB13746	CACNG2	1
DB00422	SLC6A3	-1
DB00877	MTOR	-1
DB12010	PAK1	-1
DB00555	ADRA1A	-1
DB00184	CHRNA6	1
DB11275	DRD5	1
DB00589	HTR1A	1
DB08820	CFTR	1
DB00412	PPARG	1
DB11572	FGB	1
DB00203	PDE6H	-1
DB01254	EPHA2	-1
DB00334	CHRM4	-1
DB06148	SLC6A2	-1
DB12865	CASR	1
DB00206	SLC18A2	-1
DB01364	SLC18A2	-1
DB01194	CA5A	-1
DB06779	VEGFA	-1
DB00568	CACNA1S	-1
DB04209	KCNMA1	-1
DB00182	ADRB2	1
DB12010	ROCK2	-1
DB00603	GABRA1	-1
DB08894	EPOR	1
DB13751	HSD11B1	-1
DB00800	ADRA1B	-1
DB00703	CA4	-1
DB01189	GABRA2	1
DB00398	KDR	-1
DB06791	SSTR2	1
DB00004	IL2RB	1
DB00514	CHRNA2	-1
DB06603	HDAC9	-1
DB13955	ESR1	1
DB00191	SLC6A3	-1
DB00159	TRPV1	1
DB00661	CACNA1C	-1
DB02546	HDAC3	-1
DB00843	NFKB1	-1
DB00408	HTR2C	-1
DB01200	ADRA2B	1
DB04855	SLC8A1	-1
DB12010	CTSL	-1
DB00733	BCHE	1
DB11124	ADRA1A	1
DB00458	ADRA1D	-1
DB06201	SCN9A	1
DB01203	ADRB2	-1
DB00543	HTR1B	-1
DB01221	HTR2A	-1
DB05829	PTH1R	1
DB12278	CHRM2	-1
DB00721	PLA2G4A	-1
DB00674	CHRNB2	1
DB00594	PLAU	-1
DB00481	ESR2	1
DB00418	GRIK2	-1
DB00872	AVPR1A	-1
DB00420	DRD4	-1
DB01102	ADRB3	1
DB01351	GRIA2	-1
DB01621	HTR1A	-1
DB06700	SLC6A3	-1
DB12010	CHEK2	-1
DB00572	CHRM1	-1
DB01956	GABBR1	1
DB13345	DRD5	-1
DB00704	OPRK1	-1
DB01028	GABRB1	1
DB13146	GRIA2	-1
DB00836	OPRK1	1
DB00869	CA4	-1
DB04896	SLC6A2	-1
DB11823	GRIN1	-1
DB00193	HTR2C	-1
DB01115	CACNA1C	-1
DB00776	SCN9A	-1
DB09342	SCN5A	-1
DB00327	OPRK1	1
DB09118	GABRA2	1
DB01174	GABRA1	1
DB01095	HDAC2	-1
DB09238	CACNA1G	-1
DB00934	HTR7	-1
DB11660	PTGFR	1
DB00273	GABRA1	1
DB01017	VEGFA	-1
DB00747	CHRM1	-1
DB15444	CFTR	1
DB12010	MKNK1	-1
DB00523	RXRA	1
DB01090	CHRNA3	-1
DB00541	TUBA4A	-1
DB00334	DRD3	-1
DB01241	SLCO1B3	-1
DB01130	NR3C1	1
DB00321	HRH2	-1
DB01261	DPP4	-1
DB00243	SCN1A	-1
DB01085	CHRM3	1
DB06154	HBA1	1
DB00182	SLC18A2	-1
DB00925	ADRA1B	-1
DB09345	SCN9A	-1
DB12010	PRKCQ	-1
DB00555	HTR2A	-1
DB03756	RXRA	1
DB01267	DRD1	-1
DB09085	RYR1	1
DB00622	ADRA1D	-1
DB06203	DPP4	-1
DB01010	ACHE	-1
DB00349	GABRA2	1
DB01359	ADRB2	-1
DB13954	ESR1	1
DB00351	NR3C1	1
DB11363	ALK	-1
DB01427	PDE4B	-1
DB00403	CCKAR	1
DB00340	CHRM3	-1
DB01245	CHRNA2	1
DB00697	ADRA2C	1
DB13961	CACNA1D	-1
DB01151	ADRA1B	-1
DB00246	HTR3A	-1
DB01136	ADRB1	-1
DB12808	RARA	1
DB09167	CHRM2	-1
DB01403	ADRA1B	-1
DB01059	TOP2A	-1
DB06787	CHRM2	-1
DB11718	CCND1	-1
DB00477	ADRA2A	-1
DB00398	FLT1	-1
DB09568	HADH	1
DB01628	PTGS2	-1
DB00514	CHRNB2	-1
DB00255	ESR2	1
DB00272	HRH2	1
DB01580	ADRB1	-1
DB00421	CACNB2	-1
DB01583	THRA	1
DB15091	JAK1	-1
DB00843	GRIN3A	-1
DB06155	CNR1	-1
DB01200	DRD5	1
DB12010	PRKACA	-1
DB11124	ADRB2	1
DB06262	ADRA2B	1
DB01235	DRD4	1
DB13800	CASQ1	1
DB00543	ADRA1B	-1
DB01221	DRD2	1
DB00721	CHRNA2	-1
DB00674	CHRNG	1
DB00433	ADRA2B	-1
DB00759	PRNP	-1
DB00599	CHRNA7	-1
DB01303	ADORA1	-1
DB06216	HRH1	-1
DB00472	CHRNA2	-1
DB01418	VKORC1	-1
DB12010	CAMK2B	-1
DB01121	SCN1A	-1
DB12141	HTR1D	-1
DB00540	ADRA1B	-1
DB01956	GABRB1	1
DB06616	MAP3K2	-1
DB00086	F2R	-1
DB13345	ADRB1	-1
DB00559	EDNRB	-1
DB01406	AR	1
DB00883	NPR1	1
DB00706	ADRA1A	-1
DB00482	PDPK1	-1
DB01016	ABCA1	-1
DB10770	TGFB1	1
DB09143	SMO	-1
DB00728	CHRNA2	-1
DB09079	FLT3	-1
DB11633	KCNJ9	-1
DB00715	ADRB1	-1
DB01708	GRIN1	1
DB12010	EPHA5	-1
DB01353	GRIA2	-1
DB00669	HTR1A	1
DB00217	ADRB1	-1
DB00153	CACNA1A	1
DB00945	NFKBIA	-1
DB00753	GLRA1	1
DB00852	ADRA2A	1
DB09089	OPRM1	1
DB00917	PTGER4	1
DB00708	OPRD1	1
DB00628	GABRG2	1
DB09076	CHRM3	-1
DB00193	SCN2A	-1
DB01131	DHFR	-1
DB06176	HDAC1	-1
DB00825	TRPM8	1
DB11580	C5	-1
DB10772	IL6	1
DB00228	GABRB1	1
DB00374	PTGIR	1
DB00780	MAOA	-1
DB12010	IRAK4	-1
DB00376	CHRM1	-1
DB09118	GABRB3	1
DB00068	IFNAR1	1
DB01142	CHRM4	-1
DB01046	CLCN2	1
DB09238	CACNA1C	-1
DB01176	SULT1E1	-1
DB00934	CHRM2	-1
DB13872	GABRA2	1
DB00903	ATP1A1	-1
DB00241	GABRD	1
DB00025	LRP1	1
DB00953	HTR1F	1
DB00292	GABRB3	1
DB00714	HTR2A	1
DB12010	MAPK7	-1
DB09068	SLC6A4	-1
DB00491	GAA	-1
DB00363	ADRA2A	-1
DB01156	SLC6A3	-1
DB00898	GRIN3A	-1
DB00252	CACNA1C	-1
DB01238	HRH1	-1
DB01159	GABRB3	1
DB11130	OPRD1	1
DB01273	CHRNA4	1
DB08918	SLC6A4	-1
DB01065	EPX	-1
DB01049	ADRB1	-1
DB00273	CACNA1E	-1
DB01100	DRD3	-1
DB00130	CTPS1	-1
DB00938	ADRB2	1
DB00924	HTR2C	-1
DB08815	DRD2	-1
DB00909	SCN4B	-1
DB12010	PIK3CD	-1
DB00216	HTR1F	1
DB00605	MAPK3	-1
DB08896	PDGFRB	-1
DB00509	THRA	1
DB01338	CHRM2	-1
DB00187	ADRB1	-1
DB00268	ADRA2C	-1
DB01238	SLC6A4	1
DB00334	CHRM1	-1
DB06148	HTR2A	-1
DB12698	CCR5	-1
DB01595	GABRA1	1
DB09418	SLC5A5	-1
DB01194	CA2	-1
DB01395	PGR	1
DB06712	CACNA1S	-1
DB01133	PTPN1	-1
DB06413	SLC6A3	-1
DB00568	CACNA1C	-1
DB01020	GUCY1A2	1
DB00182	ADRA2B	1
DB11273	HTR2B	-1
DB00603	PGR	1
DB00280	CHRM1	-1
DB04841	HRH1	-1
DB00800	ADRA2B	-1
DB00687	NR3C2	1
DB01558	GABRG2	1
DB00753	CHRNB2	-1
DB00964	ADRA2B	1
DB00854	OPRM1	1
DB00241	CHRNA4	-1
DB01366	ADRB2	1
DB14568	IDH1	-1
DB14596	NR3C1	1
DB05015	HDAC8	-1
DB00585	HRH2	-1
DB12010	MAP3K2	-1
DB00425	GABRA1	1
DB01007	CYP51A1	-1
DB00363	DRD4	-1
DB01076	HMGCR	-1
DB00252	CACNA1S	-1
DB01238	HTR3A	-1
DB00237	GABRB3	1
DB11362	PTGIR	1
DB01273	CHRNA6	1
DB01081	OPRM1	1
DB01049	HTR1A	-1
DB00289	GRIN1	-1
DB01132	PPARG	1
DB06212	AVPR1A	-1
DB00146	VDR	1
DB00970	TOP2A	-1
DB00454	SLC6A2	-1
DB09327	TYMS	-1
DB00924	SLC6A2	-1
DB08815	HTR1A	-1
DB12010	PIP4K2B	-1
DB00216	HTR2B	1
DB00621	AR	1
DB08896	TEK	-1
DB00542	ACE	-1
DB05679	IL23A	-1
DB00333	HTR3A	-1
DB08916	ERBB2	-1
DB06148	ADRA1D	-1
DB00318	OPRM1	1
DB11300	F13B	1
DB01275	AOC3	-1
DB00370	ADRA1B	-1
DB00242	PNP	1
DB00307	RXRG	1
DB01213	CAT	-1
DB00648	CYP11B1	1
DB13944	AR	1
DB01151	SLC6A4	-1
DB00246	DRD4	-1
DB01104	SLC6A4	-1
DB00619	BCR	-1
DB04575	ESR1	1
DB09099	SSTR5	1
DB01403	CHRM1	-1
DB00960	HTR1A	-1
DB04948	HTR1D	1
DB00785	CHRM3	-1
DB01625	CHRM4	-1
DB01189	GRIA1	-1
DB04861	ADRB3	1
DB00514	RAC1	-1
DB00368	ADRA2C	1
DB00337	FKBP1A	1
DB00726	SLC6A3	-1
DB09061	PTGS1	-1
DB00469	PTGS2	-1
DB00907	SCN5A	-1
DB06589	KIT	-1
DB12010	TTK	-1
DB11274	DRD5	1
DB00474	GABRA1	-1
DB01268	PDGFRA	-1
DB06202	ESR2	1
DB00881	ACE	-1
DB12978	CSF1R	-1
DB01288	ADRB1	1
DB00835	CHRM2	-1
DB11186	SCN9A	-1
DB00690	GABRD	1
DB00675	PRKCI	-1
DB00579	SLC6A4	-1
DB00450	ADRA1A	-1
DB10770	IL1R1	1
DB00468	KCNN4	-1
DB09078	FGFR2	-1
DB00696	DRD5	1
DB09079	KDR	-1
DB01399	PTGS2	-1
DB11311	FGA	-1
DB01708	GABRD	-1
DB12010	EIF2AK1	-1
DB01353	GABRA2	1
DB00636	PPARA	1
DB01624	ADRA2A	-1
DB00153	CACNA1F	1
DB00945	PRKAG1	1
DB00753	GABRB1	1
DB13985	SSTR5	1
DB00852	ATF3	-1
DB09089	CACNA1A	-1
DB00997	TOP2A	-1
DB00790	ACE	-1
DB00725	CHRM2	-1
DB00193	ADORA1	1
DB00825	CACNB2	-1
DB11217	TYR	-1
DB00423	CA1	-1
DB00797	HRH2	1
DB12010	LIMK2	-1
DB00895	FCER1A	1
DB00427	HRH1	-1
DB00282	FDPS	-1
DB09118	LDHB	-1
DB00850	DRD1	-1
DB00188	PSMB5	-1
DB01238	HTR2A	-1
DB09460	CA1	-1
DB01224	CHRM1	-1
DB08901	FGFR2	-1
DB00040	GCGR	1
DB01049	DRD3	-1
DB00273	CACNA1C	-1
DB06153	ADRA2A	-1
DB00874	GRIN3A	-1
DB13746	CACNG7	1
DB00454	GRIN2B	-1
DB00860	NR3C1	1
DB12010	PAK5	-1
DB00555	DRD2	-1
DB00184	CYP19A1	-1
DB00589	HTR1B	1
DB08862	PRKCB	1
DB05316	HTR2A	-1
DB00315	HTR1D	1
DB00316	PTGS1	-1
DB01254	STAT5B	-1
DB00334	ADRB3	-1
DB00222	ABCC8	1
DB01595	GABRB3	1
DB01392	HTR1A	1
DB01226	CHRM2	-1
DB06151	SLC7A11	1
DB06713	AR	1
DB11632	COMT	-1
DB00182	MAOA	-1
DB11273	HTR6	-1
DB12010	SIK1	-1
DB13751	LPL	1
DB00864	FKBP1A	-1
DB04842	HTR2A	-1
DB06288	DRD2	-1
DB00477	HTR1A	-1
DB01544	GABRA1	1
DB15035	ITK	-1
DB00480	CRBN	-1
DB01393	RXRG	1
DB00499	AHR	1
DB00306	GABRD	1
DB00795	PLA2G1B	-1
DB13961	NFKB1	1
DB01183	OPRK1	-1
DB05219	PDE4B	-1
DB00294	PGR	1
DB01136	KCNJ2	-1
DB04855	CACNB2	-1
DB11994	CYP2E1	-1
DB00668	ADRA2A	1
DB04946	DRD2	-1
DB00328	GLO1	-1
DB11653	MC2R	1
DB00527	CALM1	-1
DB01205	GABRA2	1
DB11901	GABRA1	-1
DB00545	ACHE	-1
DB09061	GPX1	1
DB00939	PTGS2	-1
DB01306	INSR	1
DB12010	ZAP70	-1
DB11619	NR3C1	-1
DB00490	ADRA1B	1
DB06595	KIT	-1
DB00136	VDR	-1
DB13200	CSF3R	1
DB01221	HTR1E	-1
DB12328	AHR	1
DB00819	CA1	-1
DB00141	NAGLU	1
DB00642	DHFR	-1
DB00418	GRIN3A	-1
DB00420	CHRM5	-1
DB08889	PSMB8	-1
DB00696	HTR1B	1
DB08906	NR3C2	-1
DB01118	PPARG	1
DB06681	CD80	-1
DB11219	PGR	-1
DB00666	GNRHR	1
DB01708	ESR2	1
DB12010	CSNK2A1	-1
DB01185	HSD11B2	-1
DB06016	HRH1	-1
DB00201	PIK3CD	-1
DB00929	PTGER2	1
DB00655	ESR1	1
DB01559	GABRB3	1
DB00805	ACHE	-1
DB00659	GABRG2	1
DB01050	CFTR	-1
DB09291	TACR1	-1
DB00777	ADRA1D	-1
DB00131	FBP1	-1
DB01619	HRH1	-1
DB00277	PDE3A	-1
DB13946	AR	1
DB12010	FGR	-1
DB00295	OPRK1	1
DB06802	PTGS1	-1
DB00734	HTR2C	-1
DB00313	SCN2A	-1
DB00186	GABRA1	1
DB01009	PTGS1	-1
DB08897	CHRM5	-1
DB01110	KCNMB4	-1
DB00884	FDPS	-1
DB01064	MAPK1	1
DB00806	NT5E	-1
DB00774	CA2	-1
DB01346	GABRA1	1
DB06626	KDR	-1
DB00841	ADRA1B	1
DB05015	HDAC4	-1
DB00810	CHRM1	-1
DB11859	GABRA2	1
DB00244	ALOX5	-1
DB00521	ADRB1	1
DB12010	MAP3K1	-1
DB00975	PDE4A	-1
DB08819	PTGFR	1
DB00475	GABRA1	1
DB00363	DRD2	-1
DB01043	GLRA1	-1
DB01174	GRIN2B	-1
DB01159	GRIN2A	-1
DB00966	PPARG	1
DB00983	ADRB3	1
DB12267	IGF1R	-1
DB00273	GRIK1	-1
DB06153	HTR2B	-1
DB13746	SCN5A	1
DB00357	CYP11A1	-1
DB08893	ADRB3	1
DB12010	NEK1	-1
DB00555	CACNA1E	-1
DB00184	CHRNB2	1
DB01154	GABRA1	1
DB00589	DRD3	1
DB00396	OPRK1	1
DB01236	GABRB1	1
DB01175	HTR2C	-1
DB12147	FGFR3	-1
DB01193	ADRB1	1
DB01049	HTR4	-1
DB00321	OPRD1	1
DB00179	ALOX5	-1
DB01069	CHRM1	-1
DB00988	DRD2	1
DB09097	DRD5	1
DB12010	PRKAB2	-1
DB00248	HTR1A	1
DB01267	ADRA1B	-1
DB00735	SQLE	-1
DB00606	SFRP4	-1
DB00364	FGF2	1
DB00333	GRIN3A	-1
DB08883	GRIA1	-1
DB00286	ESR1	1
DB01392	KCNJ10	-1
DB01242	GSTP1	-1
DB06151	GRIN3A	1
DB00370	OPRK1	1
DB00242	POLE2	-1
DB00275	AGTR1	-1
DB00600	TYR	-1
DB13520	SCN2A	-1
DB01135	CHRM2	-1
DB04573	ESR1	1
DB00246	DRD5	-1
DB11273	ADRA2A	-1
DB09099	SSTR2	1
DB01403	HTR2A	-1
DB00944	BCHE	-1
DB04948	HTR1A	1
DB09332	GGCX	1
DB01608	ADRA1B	-1
